sample_id,true_polarity,predicted_polarity,true_intensity,predicted_intensity,prob_negative,prob_neutral,prob_positive
-AUZQgSxyPQ$_$2,Positive,Positive,0.6666666865348816,1.2545149326324463,0.03278856724500656,0.0805528312921524,0.8866586685180664
-HeZS2-Prhc$_$2,Positive,Negative,0.6666666865348816,-0.5724305510520935,0.690566897392273,0.17510932683944702,0.1343238651752472
-MeTTeMJBNc$_$0,Positive,Positive,0.3333333432674408,0.34667277336120605,0.11145234107971191,0.3757268786430359,0.512820839881897
-RfYyzHpjk4$_$2,Positive,Neutral,0.3333333432674408,0.0,0.3122662305831909,0.40391331911087036,0.2838204503059387
-s9qJ7ATP7w$_$2,Positive,Positive,1.3333333730697632,0.757724940776825,0.09564414620399475,0.1736566126346588,0.7306992411613464
-s9qJ7ATP7w$_$5,Negative,Negative,-2.0,-1.0160534381866455,0.831890881061554,0.09994453191757202,0.0681646540760994
-s9qJ7ATP7w$_$6,Neutral,Negative,0.0,-1.0627679824829102,0.8285931348800659,0.11754003912210464,0.05386674404144287
-yRb-Jum7EQ$_$1,Neutral,Negative,0.0,-0.4678264558315277,0.6282662153244019,0.22982986271381378,0.1419038474559784
0K7dCp80n9c$_$6,Neutral,Negative,0.0,-0.4690650403499603,0.6151549816131592,0.2737176716327667,0.11112737655639648
0YiAKqU36KE$_$1,Positive,Negative,1.3333333730697632,-0.8479175567626953,0.7769126296043396,0.12362471967935562,0.09946264326572418
0YiAKqU36KE$_$0,Negative,Negative,-1.0,-1.1219422817230225,0.853349506855011,0.09229020774364471,0.054360341280698776
0bxhZ-LIfZY$_$4,Negative,Negative,-0.3333333432674408,-0.26227518916130066,0.5563949346542358,0.18516674637794495,0.2584382891654968
100178$_$15,Neutral,Neutral,0.0,0.0,0.35566776990890503,0.5066021680831909,0.13773006200790405
10219$_$10,Positive,Negative,2.0,-0.3140718340873718,0.5164782404899597,0.2853490710258484,0.1981726884841919
10219$_$1,Neutral,Neutral,0.0,0.0,0.15024343132972717,0.5387188196182251,0.31103774905204773
10219$_$5,Positive,Positive,1.6666666269302368,1.4862604141235352,0.02934446558356285,0.0601198747754097,0.9105356335639954
102213$_$2,Positive,Positive,1.3333333730697632,1.4243236780166626,0.07658527791500092,0.09115525335073471,0.832259476184845
102213$_$5,Negative,Negative,-1.0,-0.8781231641769409,0.7488488554954529,0.17062601447105408,0.08052511513233185
102213$_$7,Negative,Negative,-1.0,-0.6441525220870972,0.7010482549667358,0.20326223969459534,0.09568946808576584
102389$_$5,Negative,Negative,-1.6666666269302368,-0.8100355267524719,0.7586453557014465,0.15033337473869324,0.0910213366150856
104741$_$0,Neutral,Neutral,0.0,0.0,0.09640587866306305,0.510358452796936,0.3932357430458069
104741$_$5,Neutral,Positive,0.0,0.14599648118019104,0.23110385239124298,0.39835238456726074,0.37054377794265747
107585$_$12,Negative,Negative,-2.0,-1.828762412071228,0.9414135217666626,0.033663276582956314,0.024923209100961685
107585$_$18,Negative,Negative,-2.0,-1.7795612812042236,0.9376362562179565,0.037473663687705994,0.02489001303911209
107585$_$1,Negative,Positive,-0.6666666865348816,0.6682173609733582,0.3134154975414276,0.10086940228939056,0.585715115070343
108146$_$3,Negative,Negative,-1.6666666269302368,-1.024999976158142,0.7938467264175415,0.11640163511037827,0.08975166082382202
110565$_$1,Negative,Positive,-1.0,1.4905177354812622,0.04849105328321457,0.0766349583864212,0.8748739957809448
110565$_$5,Positive,Positive,1.0,1.0341413021087646,0.14036692678928375,0.09864726662635803,0.7609858512878418
111881$_$11,Negative,Negative,-1.0,-0.5280609130859375,0.5792905688285828,0.2816813886165619,0.13902810215950012
111881$_$10,Negative,Negative,-2.0,-0.05888809636235237,0.46786314249038696,0.15522229671478271,0.3769145607948303
111881$_$15,Negative,Negative,-2.0,-0.7576159238815308,0.7590131163597107,0.13400588929653168,0.10698099434375763
111881$_$4,Negative,Negative,-1.3333333730697632,-0.21085360646247864,0.5285946130752563,0.17202076315879822,0.29938459396362305
111881$_$7,Negative,Negative,-2.0,-0.809350848197937,0.7218431234359741,0.17431989312171936,0.1038370132446289
111881$_$6,Positive,Positive,0.3333333432674408,0.37583497166633606,0.09208901226520538,0.3802134394645691,0.5276975631713867
112425$_$10,Positive,Positive,2.3333332538604736,0.4567187428474426,0.15238021314144135,0.2856859266757965,0.5619338750839233
112425$_$1,Positive,Positive,0.6666666865348816,0.2403971403837204,0.08181457966566086,0.5093576312065125,0.4088277816772461
112425$_$7,Positive,Positive,1.3333333730697632,1.7608674764633179,0.03843345865607262,0.05517274886369705,0.906393826007843
112509$_$4,Negative,Negative,-2.0,-1.3584498167037964,0.8884415626525879,0.0773240178823471,0.034234512597322464
116213$_$3,Negative,Neutral,-0.6666666865348816,0.0,0.11721563339233398,0.5356324315071106,0.3471519351005554
121400$_$0,Neutral,Positive,0.0,0.21898409724235535,0.11982959508895874,0.4684980511665344,0.4116724133491516
126872$_$11,Negative,Negative,-2.0,-0.6842005252838135,0.6712881326675415,0.2363424301147461,0.09236948937177658
130366$_$11,Negative,Negative,-1.3333333730697632,-1.552657127380371,0.9077156186103821,0.05633561685681343,0.035948745906353
130366$_$2,Positive,Negative,0.3333333432674408,-0.805243968963623,0.7119702100753784,0.20469138026237488,0.08333838731050491
130366$_$4,Negative,Negative,-0.3333333432674408,-0.23526856303215027,0.5002819299697876,0.2644331753253937,0.23528485000133514
132028$_$7,Positive,Negative,0.3333333432674408,-0.08181117475032806,0.5132397413253784,0.13327209651470184,0.35348814725875854
135623$_$5,Negative,Negative,-2.3333332538604736,-1.3240902423858643,0.8813627362251282,0.059812307357788086,0.05882497876882553
135623$_$8,Negative,Positive,-1.3333333730697632,0.7897465825080872,0.15267524123191833,0.15805216133594513,0.6892725825309753
136196$_$0,Positive,Neutral,0.3333333432674408,0.0,0.0903966873884201,0.6472355127334595,0.26236775517463684
136196$_$9,Negative,Negative,-2.0,-1.7615993022918701,0.9333130121231079,0.03736749291419983,0.02931945025920868
136196$_$8,Negative,Negative,-1.6666666269302368,-1.7224622964859009,0.9335035085678101,0.04069659858942032,0.025799816474318504
167521$_$17,Positive,Negative,1.3333333730697632,-0.3893675208091736,0.5378209352493286,0.21449239552021027,0.2476866990327835
167521$_$16,Positive,Positive,2.0,1.6359494924545288,0.037313442677259445,0.05702059343457222,0.9056659936904907
167521$_$5,Positive,Negative,0.3333333432674408,-0.8441619873046875,0.7310300469398499,0.11332343518733978,0.15564653277397156
190743$_$13,Negative,Negative,-2.0,-0.8608099818229675,0.7563814520835876,0.13246075809001923,0.11115773022174835
190743$_$17,Negative,Negative,-2.0,-1.2595638036727905,0.8732059597969055,0.0838644951581955,0.042929522693157196
190743$_$5,Negative,Negative,-2.0,-1.9495995044708252,0.946127712726593,0.03104136325418949,0.022830944508314133
194299$_$14,Neutral,Positive,0.0,0.4864698350429535,0.07412146031856537,0.316951185464859,0.6089273691177368
194299$_$4,Negative,Negative,-1.0,-1.3219963312149048,0.8743208050727844,0.06341461837291718,0.0622645802795887
194299$_$9,Neutral,Positive,0.0,0.48233047127723694,0.11929185688495636,0.28798985481262207,0.592718243598938
198112$_$12,Positive,Positive,2.0,1.614179253578186,0.06941479444503784,0.06379464268684387,0.8667905926704407
198112$_$0,Positive,Positive,0.3333333432674408,0.37643998861312866,0.07884807884693146,0.40885525941848755,0.512296736240387
198112$_$5,Positive,Positive,1.0,1.0401291847229004,0.16046062111854553,0.12398660182952881,0.715552806854248
198112$_$9,Positive,Negative,2.3333332538604736,-0.7068408727645874,0.6966394186019897,0.07509259879589081,0.22826798260211945
198112$_$8,Positive,Positive,2.0,0.2506776750087738,0.1923098862171173,0.4071635603904724,0.40052658319473267
1HS2HcN2LDo$_$1,Positive,Positive,0.3333333432674408,0.553420901298523,0.1039871945977211,0.2838040292263031,0.6122087836265564
1HS2HcN2LDo$_$9,Positive,Positive,1.3333333730697632,0.7006498575210571,0.07668540626764297,0.24081692099571228,0.6824976205825806
1S6ji_d4OLI$_$9,Positive,Positive,0.6666666865348816,0.26587843894958496,0.12257794290781021,0.4310263693332672,0.4463956952095032
1jogeKX0wGw$_$4,Positive,Positive,1.0,0.8544743657112122,0.044505663216114044,0.14565224945545197,0.8098421096801758
1pl2FVdQWj0$_$2,Positive,Positive,0.6666666865348816,0.5820294618606567,0.13906998932361603,0.21899524331092834,0.6419347524642944
200941$_$10,Negative,Negative,-1.0,-1.8026119470596313,0.9386602640151978,0.03550846874713898,0.02583136036992073
202826$_$10,Negative,Negative,-1.6666666269302368,-0.06901148706674576,0.5013546943664551,0.14220872521400452,0.3564365804195404
202826$_$7,Positive,Positive,1.0,1.2974298000335693,0.08189572393894196,0.09456440061330795,0.8235399127006531
206585$_$3,Neutral,Positive,0.0,0.45758694410324097,0.1677168309688568,0.27661392092704773,0.5556691884994507
208322$_$12,Negative,Positive,-2.3333332538604736,0.9358190298080444,0.13822044432163239,0.145992249250412,0.7157872915267944
208592$_$2,Neutral,Neutral,0.0,0.0,0.11708228290081024,0.6523391604423523,0.23057858645915985
208592$_$9,Negative,Negative,-2.6666667461395264,-1.4761335849761963,0.8774324655532837,0.08341003209352493,0.039157528430223465
209758$_$15,Positive,Positive,1.3333333730697632,0.6399011015892029,0.13842631876468658,0.19543656706809998,0.6661370992660522
209758$_$3,Neutral,Positive,0.0,0.4322897791862488,0.12694786489009857,0.3525826036930084,0.5204695463180542
209758$_$5,Neutral,Positive,0.0,0.2676975429058075,0.13049457967281342,0.4272204339504242,0.4422850012779236
20LfN8ENbhM$_$1,Positive,Positive,2.0,1.2119147777557373,0.03810512274503708,0.07659473270177841,0.8853000402450562
210259$_$11,Negative,Negative,-3.0,-1.7376348972320557,0.93658846616745,0.0374920554459095,0.025919342413544655
210259$_$16,Negative,Negative,-2.3333332538604736,-1.873455286026001,0.9456609487533569,0.033709000796079636,0.02063004858791828
210259$_$0,Neutral,Positive,0.0,0.45842504501342773,0.0694735124707222,0.34798458218574524,0.5825418829917908
210259$_$8,Negative,Negative,-2.3333332538604736,-1.807259202003479,0.9442439079284668,0.03466085344552994,0.021095281466841698
210433$_$0,Neutral,Neutral,0.0,0.0,0.1162649616599083,0.5569766759872437,0.32675832509994507
210433$_$7,Negative,Negative,-2.0,-1.5114009380340576,0.9153544306755066,0.051748715341091156,0.03289686515927315
211875$_$4,Negative,Positive,-1.6666666269302368,0.7834517955780029,0.06306418776512146,0.2346574068069458,0.7022784352302551
211875$_$8,Negative,Negative,-1.3333333730697632,-0.2950555682182312,0.44917982816696167,0.366773784160614,0.18404634296894073
213327$_$6,Negative,Negative,-2.3333332538604736,-0.9809843301773071,0.7778376340866089,0.1327301561832428,0.08943222463130951
213327$_$8,Negative,Negative,-2.0,-0.68486487865448,0.6819276213645935,0.19231855869293213,0.12575379014015198
215318$_$12,Neutral,Negative,0.0,-0.26115068793296814,0.4598042964935303,0.35506802797317505,0.18512769043445587
221137$_$2,Neutral,Neutral,0.0,0.0,0.3020065724849701,0.4607565999031067,0.2372369021177292
221137$_$5,Negative,Negative,-2.0,-1.6651862859725952,0.9285820722579956,0.04168212413787842,0.029735788702964783
221153$_$14,Negative,Negative,-1.6666666269302368,-1.2601232528686523,0.872201144695282,0.08641993999481201,0.041378870606422424
221153$_$16,Negative,Negative,-0.6666666865348816,-0.623335063457489,0.6181207895278931,0.2667655646800995,0.11511363089084625
221153$_$6,Neutral,Neutral,0.0,0.0,0.35968339443206787,0.4970836639404297,0.14323295652866364
221153$_$20,Positive,Neutral,0.3333333432674408,0.0,0.17272421717643738,0.5527387857437134,0.27453702688217163
22373$_$10,Negative,Negative,-2.6666667461395264,-1.6658846139907837,0.9263001680374146,0.042449481785297394,0.03125036880373955
22373$_$1,Neutral,Neutral,0.0,0.0,0.15837423503398895,0.702803909778595,0.13882187008857727
22373$_$2,Negative,Negative,-2.3333332538604736,-1.0176279544830322,0.8041680455207825,0.10037419945001602,0.09545780718326569
22373$_$7,Neutral,Negative,0.0,-0.7935580015182495,0.7266885638237,0.1875191032886505,0.08579235523939133
224263$_$13,Positive,Positive,0.6666666865348816,1.6374582052230835,0.03402181714773178,0.058777112513780594,0.9072011709213257
224263$_$14,Negative,Negative,-2.3333332538604736,-1.749227523803711,0.9345211982727051,0.039536189287900925,0.025942564010620117
224263$_$3,Negative,Negative,-2.3333332538604736,-1.8798139095306396,0.9423418045043945,0.03371753543615341,0.023940708488225937
224370$_$3,Negative,Negative,-2.0,-1.4295377731323242,0.8927723169326782,0.06679821759462357,0.04042952507734299
224370$_$5,Negative,Negative,-2.6666667461395264,-0.19371065497398376,0.46538519859313965,0.2954539954662323,0.23916074633598328
224370$_$11,Positive,Negative,0.3333333432674408,-0.061718832701444626,0.4190053343772888,0.2933294475078583,0.2876651883125305
224370$_$15,Negative,Negative,-1.6666666269302368,-1.7665767669677734,0.9347819089889526,0.03997936099767685,0.025238681584596634
224631$_$5,Positive,Positive,0.3333333432674408,0.5335086584091187,0.0777556449174881,0.3109580874443054,0.6112862825393677
226601$_$11,Negative,Negative,-1.3333333730697632,-1.450189232826233,0.8825041055679321,0.07587549835443497,0.04162042587995529
226601$_$18,Negative,Negative,-2.0,-1.638453722000122,0.9161094427108765,0.045891981571912766,0.037998542189598083
226601$_$0,Positive,Neutral,0.3333333432674408,0.0,0.1481851190328598,0.5543866753578186,0.2974281907081604
226640$_$9,Neutral,Positive,0.0,1.129447102546692,0.10019655525684357,0.10236363112926483,0.7974397540092468
22689$_$1,Negative,Negative,-2.0,-1.3426512479782104,0.8715866208076477,0.06970749795436859,0.05870596319437027
22689$_$0,Neutral,Neutral,0.0,0.0,0.1749294400215149,0.5624675750732422,0.2626030147075653
234046$_$1,Neutral,Neutral,0.0,0.0,0.16941946744918823,0.6445084810256958,0.1860719919204712
236442$_$3,Negative,Negative,-1.3333333730697632,-0.3676176369190216,0.5556338429450989,0.2792399823665619,0.16512620449066162
23656$_$1,Neutral,Positive,0.0,0.6892333030700684,0.07215096056461334,0.28027135133743286,0.6475776433944702
23656$_$0,Positive,Positive,0.3333333432674408,0.329978346824646,0.08638408780097961,0.4468534588813782,0.4667625427246094
23656$_$2,Positive,Positive,1.0,0.9638202786445618,0.07744274288415909,0.20173975825309753,0.7208174467086792
23656$_$7,Negative,Negative,-2.0,-0.41900211572647095,0.6009479761123657,0.24205338954925537,0.1569986343383789
23656$_$9,Negative,Negative,-1.3333333730697632,-0.7459505796432495,0.7180566787719727,0.1897028386592865,0.09224049001932144
23656$_$15,Positive,Positive,0.3333333432674408,1.149852991104126,0.03330481797456741,0.09062354266643524,0.8760716319084167
237363$_$10,Neutral,Negative,0.0,-0.43001827597618103,0.4846108555793762,0.4195649027824402,0.0958242267370224
237363$_$4,Neutral,Neutral,0.0,0.0,0.11690548807382584,0.6504648923873901,0.232629656791687
238063$_$15,Negative,Negative,-1.3333333730697632,-1.7077738046646118,0.9277142286300659,0.0405547097325325,0.031731016933918
238063$_$17,Positive,Negative,1.0,-0.5845913887023926,0.625033438205719,0.143486887216568,0.231479674577713
238063$_$16,Negative,Positive,-1.0,1.4268262386322021,0.0845402404665947,0.07278454303741455,0.8426752090454102
238063$_$7,Negative,Negative,-0.3333333432674408,-0.6878839731216431,0.7298286557197571,0.16533978283405304,0.10483159869909286
24196$_$0,Positive,Neutral,0.3333333432674408,0.0,0.13335789740085602,0.5777712464332581,0.2888708710670471
24196$_$3,Negative,Negative,-0.3333333432674408,-1.6779420375823975,0.933188259601593,0.04231128469109535,0.024500394240021706
243981$_$10,Negative,Negative,-2.3333332538604736,-1.6390966176986694,0.9254339933395386,0.04477391391992569,0.029792124405503273
243981$_$1,Neutral,Positive,0.0,0.4884606897830963,0.12805615365505219,0.2947915196418762,0.5771523714065552
243981$_$4,Negative,Negative,-2.3333332538604736,-1.68962824344635,0.9241410493850708,0.04745485261082649,0.0284041166305542
243981$_$6,Negative,Negative,-2.0,-1.3071969747543335,0.884482204914093,0.07233233749866486,0.043185457587242126
24504$_$10,Positive,Positive,0.6666666865348816,0.41337117552757263,0.1324498951435089,0.3391217589378357,0.528428316116333
245582$_$11,Negative,Negative,-1.6666666269302368,-1.6663048267364502,0.9294872283935547,0.04089321568608284,0.02961963415145874
245582$_$13,Positive,Neutral,0.3333333432674408,0.0,0.3075180649757385,0.5174054503440857,0.17507648468017578
245582$_$16,Positive,Negative,1.0,-1.3904273509979248,0.8985845446586609,0.06501714885234833,0.03639831766486168
245582$_$4,Negative,Negative,-1.3333333730697632,-1.6080878973007202,0.9192627668380737,0.046058133244514465,0.03467909246683121
252097$_$12,Negative,Negative,-2.3333332538604736,-1.6969387531280518,0.93028324842453,0.039891187101602554,0.029825538396835327
252097$_$4,Negative,Negative,-1.3333333730697632,-1.8838703632354736,0.9424638748168945,0.03174826502799988,0.025787929072976112
252912$_$13,Negative,Negative,-1.6666666269302368,-1.6016517877578735,0.9207561612129211,0.04808643460273743,0.03115740418434143
257277$_$1,Positive,Positive,0.3333333432674408,0.5458563566207886,0.09184001386165619,0.3277429938316345,0.5804169774055481
257277$_$3,Positive,Neutral,1.0,0.0,0.22780625522136688,0.5657787322998047,0.20641501247882843
257277$_$5,Negative,Neutral,-2.0,0.0,0.3666733503341675,0.5099660754203796,0.12336049973964691
257534$_$4,Neutral,Neutral,0.0,0.0,0.2999642491340637,0.5576809644699097,0.1423547863960266
267466$_$24,Positive,Positive,0.6666666865348816,0.3198729455471039,0.23103860020637512,0.3112958073616028,0.4576655924320221
267466$_$44,Negative,Negative,-2.6666667461395264,-1.4623136520385742,0.9034082293510437,0.059837400913238525,0.03675438091158867
267466$_$42,Negative,Negative,-2.3333332538604736,-1.522910475730896,0.9085882902145386,0.05429743602871895,0.03711423650383949
267466$_$9,Negative,Neutral,-1.0,0.0,0.3175594210624695,0.5269825458526611,0.155458003282547
267466$_$13,Neutral,Negative,0.0,-0.4402798116207123,0.5135579705238342,0.38284993171691895,0.10359211266040802
267466$_$38,Neutral,Negative,0.0,-1.2355221509933472,0.8684121370315552,0.0888938456773758,0.04269406944513321
267466$_$35,Negative,Negative,-1.0,-1.3894479274749756,0.8961388468742371,0.06630478799343109,0.037556346505880356
267466$_$34,Negative,Negative,-2.3333332538604736,-1.3373568058013916,0.8837563395500183,0.071405790746212,0.04483776539564133
267694$_$14,Negative,Negative,-2.3333332538604736,-1.839490532875061,0.9449593424797058,0.03185036778450012,0.02319030836224556
267694$_$16,Negative,Negative,-1.0,-0.8012940287590027,0.7056231498718262,0.19655804336071014,0.0978187769651413
267694$_$3,Negative,Negative,-0.3333333432674408,-1.3787219524383545,0.8912789225578308,0.06964109092950821,0.039079975336790085
267694$_$5,Neutral,Neutral,0.0,0.0,0.18208052217960358,0.4853416085243225,0.3325779139995575
267694$_$4,Neutral,Negative,0.0,-0.9392011761665344,0.7514988780021667,0.1650853455066681,0.08341570943593979
267694$_$7,Negative,Negative,-2.0,-1.6040836572647095,0.9220141172409058,0.04711226001381874,0.03087356686592102
267694$_$6,Negative,Negative,-1.6666666269302368,-1.734350562095642,0.9346030950546265,0.039075326174497604,0.026321575045585632
273207$_$0,Neutral,Neutral,0.0,0.0,0.09127724915742874,0.6400607824325562,0.2686619162559509
273207$_$5,Positive,Positive,0.3333333432674408,0.28520113229751587,0.3641173541545868,0.1855820268392563,0.4503006339073181
273207$_$7,Negative,Negative,-0.3333333432674408,-1.3840023279190063,0.8938792943954468,0.0692828968167305,0.036837778985500336
273207$_$9,Negative,Positive,-0.3333333432674408,0.6140503883361816,0.13420085608959198,0.2200443297624588,0.6457548141479492
273250$_$20,Negative,Negative,-0.3333333432674408,-0.21897101402282715,0.4078589081764221,0.4112221598625183,0.18091894686222076
273250$_$3,Negative,Neutral,-0.6666666865348816,0.0,0.2897029519081116,0.5641438961029053,0.14615318179130554
273250$_$7,Negative,Positive,-0.3333333432674408,0.22807233035564423,0.12155866622924805,0.4783981442451477,0.40004318952560425
273250$_$11,Negative,Neutral,-1.3333333730697632,0.0,0.27616411447525024,0.4932149350643158,0.23062098026275635
273250$_$12,Negative,Neutral,-2.6666667461395264,0.0,0.20359675586223602,0.5378893613815308,0.2585139274597168
273250$_$16,Negative,Negative,-2.3333332538604736,-0.12425239384174347,0.37844884395599365,0.4060632586479187,0.21548786759376526
273250$_$19,Neutral,Negative,0.0,-0.13042868673801422,0.3956233859062195,0.3294317126274109,0.27494487166404724
275267$_$5,Neutral,Negative,0.0,-0.38106635212898254,0.4606088697910309,0.4237440526485443,0.1156470775604248
27v7Blr0vjw$_$0,Negative,Neutral,-0.3333333432674408,0.0,0.33322006464004517,0.4407467246055603,0.22603318095207214
27v7Blr0vjw$_$3,Neutral,Positive,0.0,0.24873128533363342,0.12200574576854706,0.4229728579521179,0.45502132177352905
28006$_$22,Negative,Negative,-2.3333332538604736,-1.4247831106185913,0.8866840600967407,0.06999403238296509,0.0433218851685524
28006$_$0,Negative,Negative,-2.6666667461395264,-0.804398238658905,0.7025639414787292,0.21502819657325745,0.0824078768491745
28006$_$5,Negative,Negative,-1.6666666269302368,-0.9103893041610718,0.7536957263946533,0.17441599071025848,0.071888267993927
28006$_$7,Negative,Negative,-2.3333332538604736,-1.7625694274902344,0.9238713979721069,0.04681134596467018,0.029317203909158707
28006$_$13,Negative,Negative,-2.3333332538604736,-1.1972819566726685,0.845311164855957,0.08177375793457031,0.07291503250598907
28006$_$15,Negative,Negative,-1.6666666269302368,-1.3660298585891724,0.8917964696884155,0.07287220656871796,0.03533126786351204
28006$_$17,Negative,Neutral,-2.0,0.0,0.3412518799304962,0.48583927750587463,0.17290890216827393
28006$_$16,Negative,Negative,-1.3333333730697632,-1.4107860326766968,0.8701798319816589,0.08338168263435364,0.04643851891160011
286943$_$5,Negative,Negative,-1.3333333730697632,-1.5650678873062134,0.9027807116508484,0.045817259699106216,0.05140203237533569
29751$_$10,Neutral,Negative,0.0,-0.4272165894508362,0.562912106513977,0.319252073764801,0.1178358644247055
29751$_$1,Neutral,Neutral,0.0,0.0,0.09977127611637115,0.5917297601699829,0.30849891901016235
29751$_$9,Neutral,Negative,0.0,-0.6758483648300171,0.6992727518081665,0.22778573632240295,0.07294146716594696
2BuFtglEcaY$_$11,Positive,Positive,2.3333332538604736,0.9013606309890747,0.06811659038066864,0.16196531057357788,0.7699180841445923
2BuFtglEcaY$_$6,Positive,Positive,1.0,0.7414464950561523,0.057195644825696945,0.21138378977775574,0.7314205765724182
2ItiGjefTRA$_$3,Neutral,Negative,0.0,-0.3337326645851135,0.5370948910713196,0.30241870880126953,0.16048642992973328
2ItiGjefTRA$_$4,Negative,Negative,-0.6666666865348816,-0.844887912273407,0.7912145853042603,0.13458815217018127,0.07419731467962265
2W-U94hXuK0$_$3,Negative,Negative,-3.0,-0.7050272226333618,0.7387517094612122,0.17701497673988342,0.08423326909542084
2W-U94hXuK0$_$4,Negative,Negative,-2.0,-0.7159406542778015,0.7307912111282349,0.1814163327217102,0.08779244124889374
2fbBrB1nJEQ$_$0,Positive,Positive,2.0,0.8080654144287109,0.19908586144447327,0.15236982703208923,0.6485443115234375
2m58ShI1QSI$_$2,Positive,Positive,0.3333333432674408,0.39629065990448,0.09009270370006561,0.37058621644973755,0.5393210649490356
2vsgDSlJ9pU$_$0,Neutral,Positive,0.0,0.2627757489681244,0.08534377813339233,0.4718523919582367,0.4428038001060486
2vsgDSlJ9pU$_$13,Positive,Positive,0.6666666865348816,0.724075436592102,0.09691096842288971,0.1813698709011078,0.7217191457748413
2ze94yo2aPo$_$0,Positive,Positive,2.0,1.1137758493423462,0.03160874918103218,0.09780436009168625,0.8705868721008301
2ze94yo2aPo$_$5,Positive,Positive,1.0,0.3130294680595398,0.09185375273227692,0.44558587670326233,0.46256035566329956
35694$_$10,Neutral,Neutral,0.0,0.0,0.2543841600418091,0.505129337310791,0.2404865324497223
35694$_$17,Negative,Negative,-1.6666666269302368,-0.5828844308853149,0.673743486404419,0.1885533332824707,0.13770316541194916
3At-BKm9eYk$_$5,Negative,Negative,-0.3333333432674408,-0.02070336602628231,0.5234509706497192,0.11037025600671768,0.36617881059646606
3HyAaqre_Fk$_$2,Positive,Positive,1.0,0.5329424142837524,0.14710840582847595,0.2528902590274811,0.6000012755393982
3HyAaqre_Fk$_$6,Positive,Positive,1.3333333730697632,1.1991331577301025,0.039382629096508026,0.09276807308197021,0.8678493499755859
3OYY5Tsz_2k$_$7,Neutral,Neutral,0.0,0.0,0.10082791745662689,0.5482017397880554,0.3509703278541565
3REPHw7oLWo$_$13,Positive,Positive,0.3333333432674408,0.9670678973197937,0.05142589658498764,0.12216679006814957,0.8264073133468628
3wHE78v9zr4$_$24,Positive,Positive,1.3333333730697632,0.8077100515365601,0.08214262872934341,0.16542324423789978,0.7524340748786926
3wHE78v9zr4$_$7,Positive,Positive,1.6666666269302368,0.5108175277709961,0.07031599432229996,0.28975072503089905,0.6399332880973816
3wHE78v9zr4$_$9,Positive,Positive,0.3333333432674408,0.8706270456314087,0.07485286146402359,0.17862403392791748,0.7465232014656067
3wHE78v9zr4$_$12,Positive,Negative,1.0,-0.0413043349981308,0.36210566759109497,0.37218809127807617,0.26570621132850647
41381$_$7,Neutral,Neutral,0.0,0.0,0.31211090087890625,0.5313200950622559,0.1565690040588379
41381$_$8,Positive,Negative,1.0,-0.35937267541885376,0.4877951741218567,0.25405147671699524,0.25815337896347046
424SXFTCFsA$_$3,Positive,Positive,1.3333333730697632,1.0573747158050537,0.04289567470550537,0.12288887798786163,0.8342154622077942
424SXFTCFsA$_$2,Positive,Positive,1.3333333730697632,0.3163016438484192,0.1187630146741867,0.40143150091171265,0.47980546951293945
424SXFTCFsA$_$4,Positive,Positive,2.0,1.0475841760635376,0.03773318603634834,0.12734737992286682,0.8349194526672363
46495$_$9,Negative,Negative,-2.0,-1.7704719305038452,0.933221697807312,0.039609748870134354,0.027168605476617813
46615$_$1,Negative,Negative,-1.3333333730697632,-1.3374112844467163,0.8687008619308472,0.08637331426143646,0.04492580145597458
4EDblUpJieU$_$7,Positive,Positive,1.3333333730697632,1.138479232788086,0.0555163249373436,0.10942304134368896,0.8350605964660645
53609$_$10,Negative,Negative,-2.0,-1.6689010858535767,0.9296720623970032,0.043706513941287994,0.02662142738699913
53609$_$13,Negative,Negative,-2.0,-1.6250197887420654,0.9267070889472961,0.043007660657167435,0.030285274609923363
53609$_$3,Neutral,Negative,0.0,-0.7228471040725708,0.7231296300888062,0.17579206824302673,0.1010783463716507
53609$_$7,Negative,Negative,-1.6666666269302368,-1.8685734272003174,0.9446989893913269,0.03190354257822037,0.02339743636548519
53766$_$4,Positive,Positive,2.3333332538604736,1.0821644067764282,0.04485026001930237,0.10908307880163193,0.8460666537284851
53766$_$9,Positive,Positive,2.0,0.7887154817581177,0.06732553243637085,0.1618778258562088,0.7707966566085815
56989$_$12,Negative,Negative,-0.6666666865348816,-0.18796055018901825,0.5820935964584351,0.10561831295490265,0.3122881054878235
56989$_$5,Negative,Negative,-2.3333332538604736,-1.8992137908935547,0.9426881074905396,0.032866839319467545,0.02444509044289589
56989$_$9,Positive,Positive,1.0,1.2174732685089111,0.04128105193376541,0.10143756866455078,0.8572813868522644
59673$_$4,Positive,Negative,1.0,-0.7183429002761841,0.7269353270530701,0.15898258984088898,0.11408203840255737
59673$_$6,Negative,Negative,-0.3333333432674408,-1.0642175674438477,0.8210384249687195,0.13065768778324127,0.04830392822623253
5eY4S1F62Z4$_$13,Positive,Negative,0.3333333432674408,-0.14235153794288635,0.43156465888023376,0.33104076981544495,0.23739460110664368
5eY4S1F62Z4$_$17,Positive,Neutral,0.3333333432674408,0.0,0.18471702933311462,0.4941190183162689,0.32116395235061646
5fKPJPFqPho$_$2,Positive,Positive,0.6666666865348816,0.24400179088115692,0.10483284294605255,0.4344140887260437,0.46075305342674255
5lrDS7LluCA$_$4,Positive,Positive,1.0,1.343612551689148,0.07583104074001312,0.08394316583871841,0.8402258157730103
5pxFqJ5hKMU$_$2,Neutral,Positive,0.0,0.3223792612552643,0.07647968828678131,0.4477502405643463,0.47577008605003357
5vwXp27bCLw$_$16,Neutral,Negative,0.0,-0.3020026981830597,0.5035097599029541,0.3589506149291992,0.1375395804643631
5xa0Ac2krGs$_$2,Negative,Neutral,-0.3333333432674408,0.0,0.3044050633907318,0.42823514342308044,0.26735979318618774
5xa0Ac2krGs$_$7,Positive,Positive,0.3333333432674408,0.27605801820755005,0.08987920731306076,0.4452264904975891,0.46489429473876953
61531$_$3,Neutral,Neutral,0.0,0.0,0.09013506025075912,0.5129349827766418,0.3969299793243408
61531$_$9,Positive,Positive,2.0,1.2651536464691162,0.06319266557693481,0.13669131696224213,0.8001159429550171
63951$_$1,Neutral,Neutral,0.0,0.0,0.17196138203144073,0.4962767958641052,0.33176177740097046
67uKYi7mslE$_$3,Positive,Positive,0.6666666865348816,0.1604643166065216,0.17038746178150177,0.4525386691093445,0.37707385420799255
67uKYi7mslE$_$4,Neutral,Neutral,0.0,0.0,0.22600814700126648,0.4887908101081848,0.2852010130882263
69824$_$5,Negative,Negative,-2.6666667461395264,-1.4649007320404053,0.8876296877861023,0.04678075760602951,0.06558950990438461
6EDoVEm16fU$_$13,Positive,Positive,1.3333333730697632,1.2150580883026123,0.03748277574777603,0.09595935046672821,0.8665578961372375
6EDoVEm16fU$_$4,Positive,Positive,1.6666666269302368,0.9691610336303711,0.04506675526499748,0.1335412859916687,0.8213919401168823
6EDoVEm16fU$_$6,Positive,Positive,1.0,0.8466281890869141,0.06638982146978378,0.17270556092262268,0.7609046101570129
6EJHA6IDLNk$_$3,Positive,Positive,0.6666666865348816,0.4831327497959137,0.0942927673459053,0.3125959038734436,0.5931112170219421
6EJHA6IDLNk$_$4,Neutral,Positive,0.0,0.6041969060897827,0.11075741052627563,0.22980494797229767,0.6594375371932983
6RFVsOWK1m4$_$7,Negative,Negative,-0.6666666865348816,-0.9517735242843628,0.8255637288093567,0.11635243892669678,0.05808386206626892
6RFVsOWK1m4$_$9,Positive,Positive,1.0,0.7686865925788879,0.05753753334283829,0.19241219758987427,0.7500503063201904
6brtMLkjjYk$_$0,Positive,Positive,2.0,0.2622113525867462,0.1361989825963974,0.4053812623023987,0.4584197402000427
6gtfeIqGasE$_$0,Positive,Positive,1.3333333730697632,0.993802547454834,0.057656001299619675,0.14637193083763123,0.7959720492362976
6uoM8-9d0zA$_$4,Positive,Positive,0.6666666865348816,0.5229052305221558,0.05922812968492508,0.2885674834251404,0.6522043943405151
79356$_$7,Positive,Positive,2.6666667461395264,0.4837101995944977,0.3126354217529297,0.16084502637386322,0.5265195369720459
79356$_$9,Positive,Negative,1.0,-0.3099571466445923,0.44421419501304626,0.43435072898864746,0.12143504619598389
7IxmlIwqigw$_$20,Positive,Positive,0.6666666865348816,0.17797410488128662,0.16099008917808533,0.44085168838500977,0.3981582224369049
7IxmlIwqigw$_$16,Positive,Positive,0.6666666865348816,0.6142427325248718,0.0832468718290329,0.2424420863389969,0.6743110418319702
7deoh0NoMs4$_$0,Positive,Positive,2.0,0.7574456334114075,0.05115798860788345,0.19199104607105255,0.7568509578704834
7f3ndBCx_JE$_$19,Positive,Positive,2.0,1.2977275848388672,0.032216984778642654,0.07305200397968292,0.8947309255599976
7mb8Y2AhXIY$_$6,Positive,Positive,2.0,0.5738694667816162,0.09283991158008575,0.262053906917572,0.6451061964035034
83400$_$5,Neutral,Negative,0.0,-0.7147778272628784,0.668131947517395,0.23403486609458923,0.09783317148685455
86c2OkQ3_U8$_$22,Positive,Positive,2.0,0.5982767939567566,0.09638364613056183,0.21122774481773376,0.692388653755188
86c2OkQ3_U8$_$3,Positive,Positive,0.6666666865348816,0.26462239027023315,0.13836726546287537,0.3907153010368347,0.47091740369796753
88791$_$15,Positive,Positive,0.3333333432674408,0.3477257192134857,0.07315066456794739,0.4002917408943176,0.5265575647354126
88791$_$1,Negative,Neutral,-1.0,0.0,0.09217172861099243,0.6657091379165649,0.24211911857128143
88791$_$2,Neutral,Neutral,0.0,0.0,0.35315391421318054,0.5307208299636841,0.11612518876791
8XZszYrUSCQ$_$0,Positive,Positive,1.0,0.9562915563583374,0.04386187717318535,0.1401074379682541,0.8160306811332703
8i7u3fl-hP8$_$0,Positive,Positive,1.3333333730697632,0.2683590054512024,0.1847285032272339,0.38017112016677856,0.43510037660598755
8lfS97s2AKc$_$0,Negative,Negative,-1.3333333730697632,-0.6699603796005249,0.7225605249404907,0.1363142430782318,0.1411251723766327
8lfS97s2AKc$_$7,Negative,Positive,-1.0,0.24485349655151367,0.1818859875202179,0.4227077066898346,0.3954063057899475
8wNr-NQImFg$_$8,Positive,Positive,0.3333333432674408,0.5199751853942871,0.08036510646343231,0.3402077555656433,0.5794271230697632
8wQhzezNcUY$_$1,Positive,Positive,2.0,1.3856414556503296,0.030406493693590164,0.06518018245697021,0.9044132232666016
8wQhzezNcUY$_$2,Positive,Positive,1.0,1.0705276727676392,0.0541444793343544,0.10533346235752106,0.8405219912528992
91844$_$10,Negative,Negative,-0.3333333432674408,-0.20707392692565918,0.4492587149143219,0.3702695667743683,0.1804717481136322
91844$_$5,Positive,Negative,3.0,-0.42073336243629456,0.5636301040649414,0.2800148129463196,0.15635502338409424
91844$_$7,Positive,Negative,0.6666666865348816,-0.5335332751274109,0.6393393278121948,0.12437556684017181,0.23628509044647217
91844$_$9,Negative,Negative,-0.3333333432674408,-0.3744416832923889,0.5560571551322937,0.2588924765586853,0.1850503385066986
92291$_$1,Positive,Positive,1.3333333730697632,0.15781491994857788,0.21101507544517517,0.4259325861930847,0.3630523085594177
92291$_$2,Neutral,Positive,0.0,0.32324421405792236,0.13998724520206451,0.37357863783836365,0.48643413186073303
92291$_$5,Negative,Negative,-2.3333332538604736,-1.1747950315475464,0.8306599855422974,0.062098562717437744,0.10724151134490967
92496$_$0,Negative,Negative,-2.6666667461395264,-1.0979435443878174,0.8478704690933228,0.10630886256694794,0.045820724219083786
93iGT5oueTA$_$12,Negative,Negative,-2.0,-1.5425244569778442,0.9107270240783691,0.050867222249507904,0.038405731320381165
93iGT5oueTA$_$4,Positive,Positive,1.3333333730697632,0.2701401114463806,0.1290818750858307,0.40773487091064453,0.46318331360816956
94481$_$2,Positive,Negative,0.6666666865348816,-0.6407049894332886,0.6127755045890808,0.24164609611034393,0.14557833969593048
94481$_$4,Positive,Positive,2.6666667461395264,0.9319963455200195,0.09326142072677612,0.16772238910198212,0.7390161752700806
97ENTofrmNo$_$0,Positive,Positive,1.3333333730697632,0.6481732130050659,0.06935538351535797,0.20559880137443542,0.7250458002090454
9GzFQBljNIY$_$0,Neutral,Neutral,0.0,0.0,0.2547585070133209,0.5467811226844788,0.1984604150056839
9PzZSheh10U$_$24,Positive,Positive,2.3333332538604736,0.576485812664032,0.06659947335720062,0.24600856006145477,0.6873918771743774
9PzZSheh10U$_$23,Positive,Positive,0.6666666865348816,0.19910377264022827,0.20918312668800354,0.38069066405296326,0.4101262092590332
9PzZSheh10U$_$5,Neutral,Positive,0.0,0.15805277228355408,0.1390872299671173,0.4786074757575989,0.3823052942752838
9PzZSheh10U$_$19,Positive,Neutral,0.3333333432674408,0.0,0.11503329128026962,0.568779468536377,0.3161872625350952
9cYNT_YSo8o$_$2,Negative,Negative,-1.0,-1.1598005294799805,0.8595497012138367,0.08283082395792007,0.05761946365237236
9orb0lQnVW4$_$0,Neutral,Negative,0.0,-0.13134212791919708,0.3518247902393341,0.4458097517490387,0.2023654729127884
A1lFJXUpxZo$_$7,Positive,Positive,1.6666666269302368,1.04177725315094,0.03675401210784912,0.10895182192325592,0.8542941808700562
AB1PbMaW03s$_$13,Neutral,Neutral,0.0,0.0,0.20874612033367157,0.5623881816864014,0.22886571288108826
AB1PbMaW03s$_$3,Positive,Positive,0.3333333432674408,0.39342179894447327,0.06194403022527695,0.39480581879615784,0.5432501435279846
AB1PbMaW03s$_$8,Neutral,Neutral,0.0,0.0,0.1570434272289276,0.6222654581069946,0.22069111466407776
AHiA9hohKr8$_$0,Neutral,Positive,0.0,0.503567636013031,0.08159662038087845,0.3181259036064148,0.6002774238586426
C5-cY1nPQ20$_$11,Positive,Positive,0.6666666865348816,0.5363415479660034,0.12390218675136566,0.2314145267009735,0.644683301448822
C5-cY1nPQ20$_$8,Positive,Positive,0.3333333432674408,0.3525446057319641,0.1235143169760704,0.34542760252952576,0.5310580730438232
CKqDDh50gcU$_$14,Positive,Positive,1.3333333730697632,1.1822494268417358,0.036770813167095184,0.09846310317516327,0.8647661209106445
CKqDDh50gcU$_$6,Positive,Positive,1.6666666269302368,0.8614788055419922,0.060277484357357025,0.14259003102779388,0.7971324920654297
CO2YoTZbUr0$_$0,Neutral,Negative,0.0,-0.3745582699775696,0.5689798593521118,0.2878251373767853,0.14319494366645813
CO6n-skQJss$_$0,Neutral,Positive,0.0,0.16897407174110413,0.2847961485385895,0.27488434314727783,0.4403194785118103
CO6n-skQJss$_$3,Negative,Positive,-1.3333333730697632,0.2150404453277588,0.23175986111164093,0.2980721890926361,0.47016796469688416
CU6U-gS76K4$_$20,Positive,Positive,1.6666666269302368,0.7769851088523865,0.10469835996627808,0.15848618745803833,0.7368154525756836
CbRexsp1HKw$_$7,Neutral,Negative,0.0,-0.0327182374894619,0.37993067502975464,0.30581027269363403,0.31425899267196655
ChhZna-aBK4$_$10,Positive,Positive,0.3333333432674408,0.2811066508293152,0.18463261425495148,0.34916600584983826,0.4662013649940491
ChhZna-aBK4$_$16,Neutral,Positive,0.0,0.2861406207084656,0.07417406886816025,0.48120221495628357,0.4446237087249756
ChhZna-aBK4$_$8,Positive,Positive,0.6666666865348816,0.747104823589325,0.045765914022922516,0.19059166312217712,0.763642430305481
DVAY-u_cJWU$_$5,Positive,Positive,1.0,1.0312649011611938,0.050441108644008636,0.11551585048437119,0.834043025970459
DjcZrtcBZi4$_$10,Positive,Positive,0.3333333432674408,0.2628718912601471,0.20273320376873016,0.31906893849372864,0.4781978130340576
DjcZrtcBZi4$_$8,Neutral,Positive,0.0,0.43634796142578125,0.08794058859348297,0.3127425014972687,0.5993169546127319
DnBHq5I52LM$_$5,Negative,Negative,-1.3333333730697632,-0.5265735387802124,0.6415184140205383,0.2563546597957611,0.10212688148021698
DtbT85s3i94$_$5,Positive,Positive,1.0,0.6105154752731323,0.09178101271390915,0.2375686913728714,0.6706503033638
EMS14J0odIE$_$16,Negative,Negative,-0.3333333432674408,-0.06006421893835068,0.3614456057548523,0.39330577850341797,0.24524860084056854
EO_5o9Gup6g$_$10,Negative,Negative,-0.6666666865348816,-0.340627521276474,0.5700547099113464,0.2615761160850525,0.16836917400360107
EO_5o9Gup6g$_$4,Negative,Negative,-1.0,-0.44365376234054565,0.6076420545578003,0.17628414928913116,0.21607378125190735
EO_5o9Gup6g$_$6,Negative,Negative,-2.0,-0.389548122882843,0.6065365076065063,0.23347976803779602,0.15998373925685883
EyoMU2yoJPY$_$11,Positive,Positive,1.6666666269302368,1.0949007272720337,0.03875061124563217,0.10570814460515976,0.8555412292480469
EyoMU2yoJPY$_$7,Negative,Negative,-0.3333333432674408,-0.055314600467681885,0.42001837491989136,0.27699652314186096,0.30298516154289246
F2hc2FLOdhI$_$3,Positive,Negative,1.0,-0.8209622502326965,0.7837918400764465,0.13580861687660217,0.08039956539869308
F2hc2FLOdhI$_$5,Positive,Negative,1.0,-0.03501942381262779,0.3252827525138855,0.3600254952907562,0.3146917223930359
F8eQI8E-6q4$_$3,Negative,Negative,-0.6666666865348816,-0.949170708656311,0.8210811614990234,0.11915755271911621,0.05976126715540886
FHDVQkU-nGI$_$7,Positive,Positive,2.0,1.3497557640075684,0.04239974170923233,0.07339547574520111,0.8842047452926636
F_YaG_pvZrA$_$11,Neutral,Positive,0.0,0.9940078854560852,0.05006997659802437,0.12315215915441513,0.8267778158187866
GAVpYuhMZAw$_$12,Positive,Neutral,1.0,0.0,0.2685801088809967,0.49808448553085327,0.23333540558815002
GAVpYuhMZAw$_$1,Positive,Neutral,2.0,0.0,0.1442127674818039,0.5075699687004089,0.3482171893119812
GAVpYuhMZAw$_$4,Positive,Neutral,0.3333333432674408,0.0,0.16238772869110107,0.5526827573776245,0.2849295139312744
GAVpYuhMZAw$_$6,Negative,Negative,-0.3333333432674408,-0.1951819211244583,0.42977046966552734,0.40219488739967346,0.16803467273712158
GK-Pprzh0t0$_$1,Negative,Negative,-1.6666666269302368,-0.6973888874053955,0.7343100309371948,0.17623992264270782,0.08945001661777496
GKsjv42t284$_$1,Positive,Positive,1.3333333730697632,0.9390729665756226,0.04189286753535271,0.11418244987726212,0.8439247012138367
GMa0cIAltnw$_$3,Positive,Positive,0.3333333432674408,0.33786541223526,0.15321432054042816,0.3297898769378662,0.5169957876205444
GNP0PFas12Y$_$4,Positive,Positive,0.3333333432674408,0.4502159059047699,0.1836477816104889,0.22414378821849823,0.5922083854675293
HFPGeaEPy9o$_$0,Negative,Negative,-0.3333333432674408,-0.8755106925964355,0.8045248985290527,0.1288369596004486,0.06663812696933746
HJTxq72GuMs$_$14,Positive,Positive,0.6666666865348816,0.3443909287452698,0.15924081206321716,0.3091982305049896,0.531561017036438
HMRqR-P68Ws$_$0,Positive,Neutral,1.0,0.0,0.18161873519420624,0.5917428731918335,0.22663840651512146
HR18U0yAlTc$_$10,Neutral,Positive,0.0,1.328454613685608,0.05412356182932854,0.08951063454151154,0.8563657999038696
HR18U0yAlTc$_$4,Negative,Positive,-0.3333333432674408,0.5627104043960571,0.09482724964618683,0.2602621614933014,0.6449106335639954
HR18U0yAlTc$_$9,Negative,Positive,-0.3333333432674408,0.8418366312980652,0.09710873663425446,0.1675948202610016,0.7352964282035828
HbaycY0VuZk$_$0,Positive,Positive,1.3333333730697632,0.568574845790863,0.08103211969137192,0.2627677619457245,0.6562000513076782
IHp8hd1jm6k$_$27,Positive,Positive,1.3333333730697632,0.48384323716163635,0.08396655321121216,0.284229576587677,0.6318038702011108
IHp8hd1jm6k$_$0,Positive,Positive,1.6666666269302368,0.2842637896537781,0.1859145611524582,0.3217005729675293,0.49238482117652893
IHp8hd1jm6k$_$5,Positive,Positive,1.0,0.9485263824462891,0.06132986396551132,0.12582312524318695,0.8128470182418823
IHp8hd1jm6k$_$7,Neutral,Negative,0.0,-0.1304548680782318,0.4392062723636627,0.3153908848762512,0.24540288746356964
IHp8hd1jm6k$_$15,Positive,Positive,1.3333333730697632,0.8137974739074707,0.05313064903020859,0.1652868241071701,0.7815824747085571
IIPYcCii7Sg$_$3,Negative,Neutral,-0.3333333432674408,0.0,0.11362610012292862,0.5269936919212341,0.35938018560409546
IRSxo_XXArg$_$12,Neutral,Positive,0.0,1.3164501190185547,0.06599707901477814,0.07400637120008469,0.8599966168403625
IRSxo_XXArg$_$7,Neutral,Positive,0.0,1.3992888927459717,0.039049383252859116,0.06985702365636826,0.8910936117172241
Iemw8vqt-54$_$13,Positive,Positive,0.3333333432674408,0.19741889834403992,0.29957109689712524,0.2886742055416107,0.41175466775894165
Iemw8vqt-54$_$0,Positive,Positive,0.6666666865348816,1.0320141315460205,0.03836871683597565,0.11306214332580566,0.8485692143440247
Iemw8vqt-54$_$9,Positive,Positive,1.0,0.3471086025238037,0.17067648470401764,0.3199876546859741,0.5093358755111694
JKueLneBoik$_$0,Positive,Positive,1.0,0.8354255557060242,0.0620490126311779,0.19835861027240753,0.7395923733711243
JKueLneBoik$_$4,Neutral,Positive,0.0,0.29820650815963745,0.08637087047100067,0.44839534163475037,0.46523380279541016
JNhqI4JtPXA$_$3,Positive,Positive,2.0,1.455383062362671,0.03712921589612961,0.06224018335342407,0.9006305932998657
JXYot3NDQn0$_$2,Positive,Positive,0.6666666865348816,1.1745960712432861,0.03600854426622391,0.08485738933086395,0.8791340589523315
KB5hSnV1emg$_$3,Neutral,Neutral,0.0,0.0,0.2986781895160675,0.4217900335788727,0.2795317769050598
Kn5eKHlPD0k$_$12,Positive,Positive,1.0,0.26806211471557617,0.1316540688276291,0.4257524013519287,0.4425935745239258
Kn99u05vlpA$_$5,Positive,Negative,1.6666666269302368,-0.13852237164974213,0.4032585024833679,0.30553102493286133,0.29121044278144836
L-7oRnbi9-w$_$3,Positive,Positive,0.3333333432674408,0.3445743918418884,0.16414591670036316,0.3175427317619324,0.5183113813400269
L-a4Sh6iAcw$_$7,Positive,Positive,0.6666666865348816,0.47029557824134827,0.09067697077989578,0.301266610622406,0.6080564260482788
L-a4Sh6iAcw$_$9,Positive,Positive,0.6666666865348816,0.9817575216293335,0.05962783843278885,0.12136828899383545,0.8190038800239563
LD3HYOwk1Bc$_$0,Neutral,Positive,0.0,0.43668490648269653,0.0817912369966507,0.3278284966945648,0.5903802514076233
LJGL2sGvSS0$_$2,Positive,Positive,1.3333333730697632,0.26964887976646423,0.09282711148262024,0.46692466735839844,0.44024819135665894
LJGL2sGvSS0$_$10,Positive,Positive,1.3333333730697632,0.9095007181167603,0.041345465928316116,0.13246524333953857,0.8261892199516296
LJGL2sGvSS0$_$14,Positive,Positive,1.6666666269302368,1.4139912128448486,0.02817537449300289,0.06453108042478561,0.9072934985160828
LJGL2sGvSS0$_$19,Positive,Negative,1.0,-0.025327593088150024,0.359608918428421,0.3424656093120575,0.2979254722595215
LcfubBagG6Q$_$1,Positive,Positive,1.3333333730697632,0.45139890909194946,0.12993645668029785,0.2842176556587219,0.5858458876609802
LcfubBagG6Q$_$3,Positive,Positive,0.3333333432674408,0.22657623887062073,0.12552712857723236,0.4823364317417145,0.3921363949775696
LyOq9mOEPuk$_$8,Negative,Negative,-0.6666666865348816,-0.7317484617233276,0.7295621633529663,0.16698694229125977,0.10345079004764557
MHVrwCEWLPI$_$4,Positive,Positive,1.0,1.051249623298645,0.03959737718105316,0.10895933210849762,0.8514432907104492
MHVrwCEWLPI$_$6,Positive,Positive,0.3333333432674408,0.2767137289047241,0.12344574928283691,0.4491085112094879,0.4274457097053528
MHyW857u_X8$_$18,Negative,Negative,-0.3333333432674408,-0.07764110714197159,0.3665580153465271,0.27669811248779297,0.35674387216567993
MZUr1DfYNNw$_$1,Positive,Positive,1.3333333730697632,0.3943776488304138,0.13348914682865143,0.35571354627609253,0.5107973217964172
NIpuKcoJhGM$_$0,Positive,Negative,2.0,-0.463045209646225,0.6562018394470215,0.18788139522075653,0.15591676533222198
NVLPURuAVLU$_$2,Negative,Negative,-0.6666666865348816,-0.23587684333324432,0.48213696479797363,0.33895379304885864,0.17890922725200653
NaWmaHwjElo$_$5,Neutral,Negative,0.0,-0.205414816737175,0.45594531297683716,0.3807660937309265,0.1632886379957199
NiAjz4ciA60$_$1,Positive,Positive,1.0,0.9810982942581177,0.04274703189730644,0.14126813411712646,0.815984845161438
NocexkPXja8$_$13,Negative,Negative,-1.0,-0.542580783367157,0.6508226990699768,0.2528938949108124,0.0962834358215332
NocexkPXja8$_$4,Negative,Negative,-2.3333332538604736,-1.5078786611557007,0.908713698387146,0.05461343377828598,0.03667277842760086
O-b3DQg0QmA$_$1,Neutral,Positive,0.0,0.49145203828811646,0.07178089022636414,0.3591262400150299,0.569092869758606
OFia3dWgaoI$_$0,Negative,Negative,-1.3333333730697632,-0.33689823746681213,0.46864405274391174,0.38246262073516846,0.1488933265209198
OFia3dWgaoI$_$6,Negative,Negative,-0.6666666865348816,-0.4417368769645691,0.5814601182937622,0.26227718591690063,0.15626275539398193
OKJPFisBoPY$_$0,Positive,Positive,0.3333333432674408,0.8269115686416626,0.056227512657642365,0.17147007584571838,0.7723023891448975
OORklkFql3k$_$10,Negative,Negative,-0.3333333432674408,-0.7000319361686707,0.7363272309303284,0.18154029548168182,0.0821324959397316
OORklkFql3k$_$4,Negative,Positive,-2.0,0.05621867626905441,0.3492380976676941,0.2860485017299652,0.3647133708000183
OWWHjP3pX9o$_$0,Negative,Positive,-0.3333333432674408,0.09491266310214996,0.2794245183467865,0.3709578514099121,0.3496176302433014
OWWHjP3pX9o$_$4,Positive,Positive,0.6666666865348816,0.006570559926331043,0.29961496591567993,0.38437849283218384,0.31600651144981384
OXsTIPdytiw$_$0,Positive,Positive,0.6666666865348816,0.23076660931110382,0.10831606388092041,0.4826698303222656,0.40901413559913635
OXsTIPdytiw$_$7,Positive,Positive,0.6666666865348816,0.7349764704704285,0.05597047880291939,0.21355876326560974,0.7304707765579224
Oa2xVjzAMFc$_$9,Negative,Neutral,-0.3333333432674408,0.0,0.24943581223487854,0.4842562675476074,0.2663079500198364
OctOcfI4KSs$_$3,Positive,Negative,0.3333333432674408,-0.13817697763442993,0.37720513343811035,0.4078451097011566,0.21494969725608826
OctOcfI4KSs$_$7,Positive,Neutral,0.3333333432674408,0.0,0.2410028725862503,0.52536940574646,0.23362772166728973
P0UHzR4CmYg$_$1,Positive,Positive,1.0,0.395874559879303,0.09446597844362259,0.39410412311553955,0.5114299058914185
P0UHzR4CmYg$_$3,Positive,Positive,0.6666666865348816,0.9497801065444946,0.044443126767873764,0.1442136913537979,0.8113431930541992
P0UHzR4CmYg$_$4,Positive,Positive,1.0,1.105987548828125,0.03439096733927727,0.10823490470647812,0.8573740720748901
P0UHzR4CmYg$_$8,Positive,Negative,0.6666666865348816,-0.02287040278315544,0.35326486825942993,0.35797959566116333,0.2887555658817291
P0UHzR4CmYg$_$11,Negative,Negative,-1.0,-0.19651088118553162,0.4939447343349457,0.3251470923423767,0.1809082180261612
PcqKFt1p3UQ$_$10,Positive,Neutral,0.3333333432674408,0.0,0.281652569770813,0.48276370763778687,0.23558370769023895
PzI6yY9Y2xQ$_$0,Positive,Positive,1.6666666269302368,1.2049131393432617,0.04733826965093613,0.08441388607025146,0.8682478666305542
PzI6yY9Y2xQ$_$2,Positive,Positive,1.3333333730697632,0.673791766166687,0.07758484035730362,0.2059585154056549,0.7164565920829773
QBc7X5jj8oA$_$4,Positive,Negative,1.3333333730697632,-0.04594144970178604,0.34269872307777405,0.3310605585575104,0.3262407183647156
QCR7uyowjhM$_$10,Positive,Positive,0.3333333432674408,0.35212865471839905,0.09644808620214462,0.3882352411746979,0.5153166651725769
QCR7uyowjhM$_$8,Neutral,Negative,0.0,-0.34208646416664124,0.5135967135429382,0.30266648530960083,0.18373684585094452
QIonRUsCqBs$_$1,Positive,Positive,1.3333333730697632,0.8651269674301147,0.05182197690010071,0.1541902720928192,0.7939877510070801
Qfa1fY_07bQ$_$5,Positive,Positive,1.3333333730697632,0.775109052658081,0.081413134932518,0.22979697585105896,0.6887899041175842
R9xTBw3MCWI$_$5,Positive,Positive,0.3333333432674408,1.2621458768844604,0.03478705883026123,0.07363168895244598,0.8915812373161316
ROC2YI3tDsk$_$13,Positive,Positive,0.3333333432674408,0.7760971784591675,0.04873333126306534,0.16705676913261414,0.7842099070549011
ROC2YI3tDsk$_$3,Positive,Positive,1.0,0.5144537687301636,0.10805485397577286,0.26053404808044434,0.631411075592041
RVC8l5hf2Eg$_$13,Negative,Neutral,-0.6666666865348816,0.0,0.21411678194999695,0.47194796800613403,0.3139352798461914
RVC8l5hf2Eg$_$8,Negative,Negative,-0.3333333432674408,-0.1577160805463791,0.4211048483848572,0.3927229046821594,0.1861722618341446
Rb1uzHNcYcA$_$4,Positive,Positive,1.6666666269302368,1.0495887994766235,0.04941960424184799,0.11244574934244156,0.8381346464157104
RvmTZVNAAuQ$_$2,Neutral,Positive,0.0,0.5583985447883606,0.09016382694244385,0.26967641711235046,0.6401597857475281
SKTyBOhDX6U$_$11,Positive,Positive,1.6666666269302368,0.7867278456687927,0.10091133415699005,0.16978438198566437,0.7293042540550232
SKTyBOhDX6U$_$12,Positive,Negative,0.6666666865348816,-0.07209903746843338,0.41698694229125977,0.3630419373512268,0.2199711799621582
SKTyBOhDX6U$_$9,Positive,Positive,1.0,0.8637409210205078,0.05983070284128189,0.15323281288146973,0.7869364619255066
SYQ_zv8dWng$_$0,Positive,Positive,0.3333333432674408,0.23607268929481506,0.1170126348733902,0.4722994863986969,0.4106878638267517
SYQ_zv8dWng$_$5,Positive,Negative,0.6666666865348816,-0.009741486981511116,0.4010641574859619,0.29389330744743347,0.305042564868927
SYQ_zv8dWng$_$6,Positive,Neutral,0.6666666865348816,0.0,0.13136470317840576,0.543758749961853,0.32487648725509644
SYQ_zv8dWng$_$9,Neutral,Neutral,0.0,0.0,0.19369253516197205,0.45217838883399963,0.3541290760040283
SZ7HK5ns6mE$_$11,Positive,Positive,1.6666666269302368,0.28883203864097595,0.19967706501483917,0.31266817450523376,0.48765477538108826
Sq6DIhFxPqQ$_$4,Neutral,Neutral,0.0,0.0,0.28596746921539307,0.5118071436882019,0.20222537219524384
SwT0gh0V8fI$_$10,Neutral,Negative,0.0,-0.9415624737739563,0.7812978029251099,0.12816134095191956,0.09054090082645416
SwT0gh0V8fI$_$19,Positive,Positive,0.6666666865348816,0.8968051671981812,0.1217055469751358,0.15385134518146515,0.7244431376457214
SwT0gh0V8fI$_$5,Neutral,Negative,0.0,-0.3918215334415436,0.5259450674057007,0.3599860668182373,0.11406884342432022
TXiOSZdaLJ8$_$2,Positive,Positive,0.6666666865348816,1.1795669794082642,0.0640534982085228,0.08903077989816666,0.8469157218933105
TcTGCIh6e5s$_$4,Neutral,Neutral,0.0,0.0,0.1306614875793457,0.5250732898712158,0.3442651927471161
TxRtSItpGMo$_$4,Positive,Positive,2.0,0.9738408923149109,0.03931565582752228,0.12155787646770477,0.839126467704773
U-KihZeIfKI$_$20,Positive,Positive,1.3333333730697632,0.9975274205207825,0.05054190009832382,0.12356835603713989,0.8258897662162781
U-KihZeIfKI$_$1,Positive,Positive,0.6666666865348816,0.3766510784626007,0.20969967544078827,0.284790575504303,0.5055097341537476
U-KihZeIfKI$_$6,Negative,Negative,-1.0,-0.7095428705215454,0.7329654693603516,0.1652698516845703,0.1017647385597229
U-KihZeIfKI$_$15,Positive,Negative,0.6666666865348816,-0.2005341500043869,0.47324681282043457,0.3183717429637909,0.20838145911693573
U-KihZeIfKI$_$16,Positive,Positive,1.0,1.1146146059036255,0.03698226064443588,0.10281388461589813,0.8602038621902466
UiurP5k-f1A$_$4,Positive,Positive,1.0,0.8716804385185242,0.049124449491500854,0.1602848470211029,0.7905906438827515
UjqA6KVW2m8$_$0,Negative,Negative,-0.3333333432674408,-0.8699197769165039,0.7797709703445435,0.14848700165748596,0.07174205034971237
UjqA6KVW2m8$_$3,Negative,Neutral,-0.6666666865348816,0.0,0.15262934565544128,0.47970476746559143,0.3676659166812897
UjqA6KVW2m8$_$2,Negative,Negative,-1.3333333730697632,-0.5397704243659973,0.625487744808197,0.20588740706443787,0.16862480342388153
UjqA6KVW2m8$_$4,Positive,Positive,1.0,1.0033944845199585,0.04592318832874298,0.11370018869638443,0.8403766751289368
UweZVaFqruU$_$1,Positive,Neutral,0.3333333432674408,0.0,0.09968627989292145,0.5404106974601746,0.3599030375480652
UweZVaFqruU$_$5,Neutral,Neutral,0.0,0.0,0.17343242466449738,0.5263888239860535,0.30017876625061035
V27mmEkN80g$_$0,Neutral,Positive,0.0,0.3388839662075043,0.13355740904808044,0.36595040559768677,0.5004921555519104
VDkBM0ZG4q8$_$4,Neutral,Negative,0.0,-0.22299399971961975,0.40735799074172974,0.4503307342529297,0.14231130480766296
VDkBM0ZG4q8$_$7,Positive,Positive,0.3333333432674408,0.8127205967903137,0.039698611944913864,0.16345402598381042,0.7968473434448242
VLQgw-88v4Q$_$2,Positive,Positive,1.0,0.8234590291976929,0.043601833283901215,0.16671901941299438,0.7896791696548462
VLQgw-88v4Q$_$6,Positive,Positive,1.6666666269302368,0.8378755450248718,0.04249505698680878,0.16289792954921722,0.7946069836616516
VLQgw-88v4Q$_$8,Positive,Positive,1.3333333730697632,1.0674383640289307,0.06310194730758667,0.11594577133655548,0.8209522366523743
VXy21GwGs8o$_$0,Neutral,Positive,0.0,0.43887367844581604,0.1035287156701088,0.2959679365158081,0.6005033254623413
Vdf1McvE9ao$_$9,Neutral,Negative,0.0,-0.3190460801124573,0.4460327625274658,0.440108060836792,0.11385917663574219
Vlas-mPydcg$_$17,Positive,Negative,0.6666666865348816,-0.24650251865386963,0.5410588979721069,0.231247216463089,0.22769394516944885
Vlas-mPydcg$_$3,Positive,Positive,1.0,0.7230328917503357,0.05102436989545822,0.19308803975582123,0.7558876276016235
VsXGwSZazwA$_$4,Neutral,Neutral,0.0,0.0,0.24645869433879852,0.49562162160873413,0.25791969895362854
VsXGwSZazwA$_$6,Positive,Neutral,1.6666666269302368,0.0,0.16830293834209442,0.5320792198181152,0.29961782693862915
VwGPIUNayKM$_$1,Neutral,Positive,0.0,0.28819718956947327,0.1027335375547409,0.44048237800598145,0.45678409934043884
VwGPIUNayKM$_$5,Negative,Negative,-1.0,-0.35555776953697205,0.5875862240791321,0.24050357937812805,0.17191016674041748
VwGPIUNayKM$_$8,Positive,Positive,1.0,0.8950103521347046,0.05875394865870476,0.1719176322221756,0.7693284153938293
W1CWpktWtTs$_$5,Positive,Positive,1.0,0.8613382577896118,0.06717665493488312,0.14290177822113037,0.7899215221405029
W1CWpktWtTs$_$9,Positive,Positive,0.6666666865348816,0.20013508200645447,0.2964830696582794,0.26728224754333496,0.43623462319374084
WfNiQBXmPw8$_$3,Negative,Negative,-0.3333333432674408,-0.1304190456867218,0.46262043714523315,0.2841939926147461,0.25318557024002075
WfNiQBXmPw8$_$5,Positive,Negative,0.3333333432674408,-0.028979560360312462,0.4518423080444336,0.24442854523658752,0.3037290871143341
WgI8IbJtXHw$_$0,Neutral,Positive,0.0,1.3749338388442993,0.04899296537041664,0.07244385778903961,0.8785632252693176
X2Hs89fZ2-c$_$4,Positive,Positive,1.0,0.37965965270996094,0.07875001430511475,0.3852981626987457,0.5359518527984619
X6N7UEFJLNY$_$0,Positive,Positive,0.3333333432674408,0.4392971992492676,0.10776879638433456,0.31326791644096375,0.5789632797241211
X6N7UEFJLNY$_$2,Neutral,Positive,0.0,0.39698514342308044,0.1010667085647583,0.34552112221717834,0.5534122586250305
X6N7UEFJLNY$_$4,Positive,Positive,0.6666666865348816,0.967713475227356,0.04048105329275131,0.12324640899896622,0.8362725377082825
XDVit9ASVUg$_$2,Positive,Neutral,0.3333333432674408,0.0,0.19063887000083923,0.5225964784622192,0.2867647111415863
XKyumlBmix8$_$0,Neutral,Positive,0.0,0.3112639784812927,0.14066016674041748,0.38091254234313965,0.4784272611141205
XKyumlBmix8$_$2,Negative,Negative,-0.6666666865348816,-0.18356449902057648,0.4277445375919342,0.3991987407207489,0.17305675148963928
XVWiAArXYpE$_$3,Negative,Positive,-0.6666666865348816,0.34235137701034546,0.19267573952674866,0.3236723840236664,0.48365187644958496
XVWiAArXYpE$_$4,Negative,Negative,-2.0,-1.2131164073944092,0.8662072420120239,0.08214420825242996,0.05164853855967522
XVWiAArXYpE$_$9,Negative,Neutral,-0.3333333432674408,0.0,0.27743253111839294,0.4459604322910309,0.27660703659057617
X_TusmBIlC0$_$5,Neutral,Positive,0.0,0.2733522057533264,0.1454971730709076,0.37157317996025085,0.48292961716651917
Xa086gxLJ3Y$_$12,Positive,Neutral,0.3333333432674408,0.0,0.10297560691833496,0.5514178276062012,0.34560656547546387
XrNaL-MTjXg$_$3,Neutral,Positive,0.0,0.2104819267988205,0.29318106174468994,0.29194173216819763,0.41487717628479004
Xy57UpKRNEo$_$7,Negative,Negative,-1.0,-0.660426914691925,0.719073474407196,0.17792865633964539,0.10299781709909439
Y8dI1GTWCk4$_$6,Positive,Positive,1.3333333730697632,0.9752416610717773,0.0383438766002655,0.14323492348194122,0.8184211850166321
YLK58srjhNI$_$3,Positive,Positive,0.6666666865348816,0.9043830633163452,0.18784727156162262,0.09658872336149216,0.715563952922821
YQZPnHZRp1w$_$1,Positive,Positive,0.3333333432674408,0.31663548946380615,0.07573850452899933,0.43178772926330566,0.4924737513065338
YUNxD04EvfE$_$1,Negative,Negative,-0.3333333432674408,-0.23202772438526154,0.4452621340751648,0.37489211559295654,0.17984572052955627
Z4iYSMMMycQ$_$4,Positive,Positive,0.6666666865348816,0.4623987674713135,0.08202245086431503,0.3030310273170471,0.6149464845657349
ZKErPftd--w$_$6,Positive,Positive,0.6666666865348816,1.6881393194198608,0.04173186048865318,0.05501992255449295,0.9032481908798218
ZKZ8UjaQQT4$_$7,Neutral,Positive,0.0,0.47703129053115845,0.13953366875648499,0.26606690883636475,0.5943993926048279
ZS1Nb0OWYNE$_$11,Positive,Positive,0.6666666865348816,1.2648441791534424,0.03619615361094475,0.08159605413675308,0.8822077512741089
ZS1Nb0OWYNE$_$15,Neutral,Positive,0.0,1.4550235271453857,0.026543473824858665,0.05683569237589836,0.9166208505630493
ZS1Nb0OWYNE$_$5,Positive,Neutral,0.6666666865348816,0.0,0.240867018699646,0.4722141623497009,0.2869188189506531
ZS1Nb0OWYNE$_$9,Positive,Positive,2.6666667461395264,1.1177691221237183,0.05285372585058212,0.10267277806997299,0.8444734811782837
ZcFzcd4ZoMg$_$4,Negative,Negative,-0.3333333432674408,-0.09388149529695511,0.4274517893791199,0.302391916513443,0.2701563239097595
ZeH7gZw94k0$_$1,Positive,Positive,1.6666666269302368,0.8788768649101257,0.05440789461135864,0.18266792595386505,0.7629241347312927
ZtocGyL3Tfc$_$13,Positive,Positive,1.0,0.4075223505496979,0.18980826437473297,0.2510201334953308,0.5591715574264526
ZtocGyL3Tfc$_$10,Positive,Positive,1.0,0.34447935223579407,0.11675290763378143,0.3653186559677124,0.5179284811019897
ZtocGyL3Tfc$_$9,Positive,Positive,1.6666666269302368,0.7229758501052856,0.07139601558446884,0.17754773795604706,0.7510561943054199
ZznoGQVwTtw$_$4,Positive,Positive,1.6666666269302368,0.6374152898788452,0.08057606965303421,0.2623186707496643,0.6571052074432373
_1nvuNk7EFY$_$10,Negative,Negative,-0.3333333432674408,-0.712735652923584,0.7581519484519958,0.1674988567829132,0.07434926927089691
_OmWVs0-6UM$_$0,Neutral,Positive,0.0,0.42425164580345154,0.08107911795377731,0.3677874207496643,0.5511334538459778
_on_E-ZWy0I$_$21,Positive,Positive,1.3333333730697632,0.7646175026893616,0.17407935857772827,0.1483568549156189,0.6775637865066528
_on_E-ZWy0I$_$3,Neutral,Negative,0.0,-0.26893389225006104,0.46654877066612244,0.3858180046081543,0.14763322472572327
_on_E-ZWy0I$_$12,Negative,Positive,-1.0,0.1780848205089569,0.18733134865760803,0.4183536469936371,0.3943150043487549
_q7DM8WkzAQ$_$3,Positive,Positive,0.6666666865348816,0.49358439445495605,0.0841679573059082,0.2747291922569275,0.6411028504371643
a4PHWxILDp0$_$15,Neutral,Negative,0.0,-0.08251003921031952,0.3543451428413391,0.433704137802124,0.21195073425769806
ahG9c_uaf8s$_$1,Positive,Positive,0.3333333432674408,0.7558290362358093,0.04782243072986603,0.18413567543029785,0.7680418491363525
ahG9c_uaf8s$_$3,Positive,Positive,0.3333333432674408,0.8570429682731628,0.053575802594423294,0.15580995380878448,0.7906142473220825
b92iw0OAnI4$_$7,Positive,Positive,1.3333333730697632,0.1605672389268875,0.3186124563217163,0.2561693787574768,0.4252181947231293
bNQOeiAotbk$_$8,Neutral,Neutral,0.0,0.0,0.16299349069595337,0.5472190976142883,0.2897874414920807
bdFCD-3BCRg$_$2,Positive,Positive,1.0,1.1508222818374634,0.036858245730400085,0.09145522862672806,0.8716864585876465
bdFCD-3BCRg$_$11,Positive,Positive,0.6666666865348816,0.7458227276802063,0.05187973380088806,0.19070276618003845,0.7574175000190735
bdFCD-3BCRg$_$12,Positive,Positive,1.0,0.8259032964706421,0.04365023598074913,0.17689768970012665,0.7794520258903503
c5VEvmutmVg$_$13,Positive,Positive,1.0,0.414396196603775,0.108953095972538,0.31000179052352905,0.5810450315475464
c5VEvmutmVg$_$19,Neutral,Positive,0.0,0.3467891812324524,0.07483567297458649,0.40614113211631775,0.5190232396125793
c5VEvmutmVg$_$0,Positive,Positive,1.6666666269302368,1.5798606872558594,0.03510640189051628,0.05270456150174141,0.9121890068054199
c5zxqITn3ZM$_$5,Positive,Negative,0.6666666865348816,-0.03306574374437332,0.3948459327220917,0.28115254640579224,0.3240015208721161
c5zxqITn3ZM$_$6,Positive,Positive,1.0,0.602188766002655,0.06743897497653961,0.24028177559375763,0.6922792196273804
c9hE1ghElrM$_$2,Neutral,Neutral,0.0,0.0,0.1575210839509964,0.616919219493866,0.22555966675281525
c9hE1ghElrM$_$4,Neutral,Negative,0.0,-0.2114863097667694,0.3802810311317444,0.4689560830593109,0.1507628709077835
cW-aX4dPVfk$_$4,Negative,Neutral,-0.3333333432674408,0.0,0.2229032963514328,0.494722843170166,0.28237390518188477
cW-aX4dPVfk$_$11,Positive,Positive,0.3333333432674408,1.121734857559204,0.05936872959136963,0.1172979325056076,0.8233333826065063
cW-aX4dPVfk$_$32,Positive,Positive,1.6666666269302368,1.311090350151062,0.12826576828956604,0.09425075352191925,0.7774834632873535
cW-aX4dPVfk$_$30,Positive,Positive,2.3333332538604736,1.8165063858032227,0.0320194847881794,0.048146266490221024,0.919834315776825
cml9rShionM$_$3,Negative,Positive,-0.3333333432674408,1.3933446407318115,0.03393416851758957,0.06629705429077148,0.8997688293457031
d-Uw_uZyUys$_$1,Negative,Neutral,-2.3333332538604736,0.0,0.15851333737373352,0.4974954128265381,0.3439912796020508
d-Uw_uZyUys$_$6,Negative,Negative,-2.3333332538604736,-0.17777273058891296,0.47169265151023865,0.3322923481464386,0.19601503014564514
dHk--ExZbHs$_$7,Positive,Positive,0.6666666865348816,0.4778051972389221,0.09096947312355042,0.31220605969429016,0.5968244671821594
dR68gbeOWOc$_$1,Positive,Positive,0.3333333432674408,0.5793241858482361,0.08578018099069595,0.24488437175750732,0.6693354249000549
dTcz1am1eUw$_$2,Positive,Positive,1.3333333730697632,1.1536775827407837,0.03187417984008789,0.08565102517604828,0.8824747800827026
ddWHTdJz2O8$_$1,Negative,Positive,-0.3333333432674408,0.6604259610176086,0.08755745738744736,0.21929101645946503,0.6931515336036682
dlE05KC95uk$_$11,Positive,Neutral,0.3333333432674408,0.0,0.1448790580034256,0.5151721835136414,0.33994874358177185
eE8Qr9fOvVA$_$2,Negative,Neutral,-1.3333333730697632,0.0,0.1304355263710022,0.4927380681037903,0.3768264055252075
eFV7iFPYZB4$_$12,Positive,Positive,1.6666666269302368,0.9453285336494446,0.04128758981823921,0.12053035199642181,0.8381819725036621
eFV7iFPYZB4$_$14,Positive,Positive,1.3333333730697632,0.6809935569763184,0.05718458443880081,0.1961182802915573,0.7466971278190613
eJfT7-dDqzA$_$3,Positive,Positive,0.6666666865348816,0.14790143072605133,0.18837584555149078,0.44936245679855347,0.36226171255111694
eJfT7-dDqzA$_$2,Positive,Positive,0.6666666865348816,0.8469974398612976,0.052417825907468796,0.15919071435928345,0.7883914709091187
eJfT7-dDqzA$_$7,Positive,Positive,0.6666666865348816,0.5641409158706665,0.07447981089353561,0.26372548937797546,0.6617946624755859
eKQKEi2-0Ws$_$0,Neutral,Positive,0.0,0.36433395743370056,0.2771018147468567,0.23834514617919922,0.4845530092716217
eQc5uI7FKCU$_$5,Positive,Positive,0.3333333432674408,0.37625932693481445,0.09081129729747772,0.38992932438850403,0.5192593336105347
ey1lr8wFFDc$_$0,Positive,Positive,0.6666666865348816,0.7354027628898621,0.08031168580055237,0.178183913230896,0.741504430770874
f-VdKweez2U$_$4,Neutral,Positive,0.0,0.5756795406341553,0.09764900803565979,0.22531111538410187,0.6770399212837219
f8Puta8k8fU$_$1,Neutral,Negative,0.0,-0.2745167911052704,0.5119206309318542,0.31887680292129517,0.16920256614685059
fT6SrlsWV7M$_$12,Negative,Positive,-1.3333333730697632,0.24121470749378204,0.12095198780298233,0.4326867163181305,0.4463613033294678
fWAKek8jA5M$_$0,Negative,Negative,-1.6666666269302368,-1.3817802667617798,0.8911898732185364,0.0715978592634201,0.03721221536397934
fWAKek8jA5M$_$3,Negative,Positive,-1.3333333730697632,0.3358016908168793,0.1427571028470993,0.38075172901153564,0.47649115324020386
fWAKek8jA5M$_$4,Neutral,Negative,0.0,-0.18248456716537476,0.5035002827644348,0.2721233665943146,0.22437632083892822
frCWtiam4tE$_$0,Positive,Positive,1.6666666269302368,0.32985562086105347,0.22448258101940155,0.3068006634712219,0.46871671080589294
fsBzpr4k3rY$_$0,Positive,Negative,2.0,-0.19925382733345032,0.5529153347015381,0.18578054010868073,0.2613041400909424
fz-MzQcOBwQ$_$1,Positive,Positive,1.3333333730697632,0.5989001989364624,0.07206360995769501,0.2686837613582611,0.6592526435852051
gE7kUqMqQ9g$_$2,Negative,Negative,-0.6666666865348816,-0.7303428053855896,0.7578324675559998,0.16665586829185486,0.07551171630620956
gJjkCPO7iXg$_$1,Positive,Positive,1.0,0.7421073317527771,0.060329049825668335,0.18413054943084717,0.7555403709411621
gJjkCPO7iXg$_$0,Positive,Positive,1.0,0.35623136162757874,0.0942581295967102,0.38304784893989563,0.5226939916610718
gLTxaEcx41E$_$2,Neutral,Neutral,0.0,0.0,0.11348136514425278,0.4973084330558777,0.38921019434928894
gLTxaEcx41E$_$4,Neutral,Negative,0.0,-1.218334436416626,0.8357506990432739,0.09944860637187958,0.0648006945848465
gLTxaEcx41E$_$7,Neutral,Positive,0.0,0.10303614288568497,0.2769833207130432,0.36215534806251526,0.36086130142211914
gLTxaEcx41E$_$6,Positive,Positive,0.3333333432674408,0.5502921938896179,0.10280273109674454,0.24123725295066833,0.6559600234031677
gcFECfN4BCU$_$23,Positive,Positive,2.0,1.4061782360076904,0.029986444860696793,0.06805254518985748,0.9019609689712524
gcFECfN4BCU$_$10,Positive,Positive,0.6666666865348816,0.7832419276237488,0.0926283448934555,0.17245891690254211,0.7349126935005188
gcFECfN4BCU$_$15,Positive,Positive,1.3333333730697632,0.4805503487586975,0.11004737764596939,0.2902872860431671,0.5996653437614441
gpn71-aKWwQ$_$2,Positive,Positive,1.6666666269302368,1.1428650617599487,0.0587863028049469,0.11447693407535553,0.8267368078231812
h1ZZHUU4j0k$_$3,Positive,Positive,0.6666666865348816,0.5805090069770813,0.07563366740942001,0.2531612813472748,0.6712049841880798
h1ZZHUU4j0k$_$4,Positive,Negative,0.6666666865348816,-0.7016674280166626,0.7383900284767151,0.16192974150180817,0.09968031197786331
h1ZZHUU4j0k$_$10,Positive,Positive,1.0,0.5163207054138184,0.06732175499200821,0.30271977186203003,0.62995845079422
h1ZZHUU4j0k$_$13,Negative,Negative,-1.0,-0.49020156264305115,0.6196311712265015,0.24752692878246307,0.13284197449684143
iQDB_OkAQWs$_$4,Neutral,Negative,0.0,-0.20869669318199158,0.4711085855960846,0.3237743377685547,0.20511707663536072
iXiMifHNKPI$_$8,Positive,Positive,0.3333333432674408,0.38836997747421265,0.08468706160783768,0.3782641291618347,0.5370487570762634
j1m6ctAgjsM$_$1,Positive,Positive,1.3333333730697632,0.8856784105300903,0.05379355698823929,0.13585267961025238,0.8103537559509277
j1m6ctAgjsM$_$2,Positive,Positive,1.0,0.5864441990852356,0.06984756886959076,0.2507479190826416,0.6794044971466064
j1m6ctAgjsM$_$4,Positive,Positive,0.3333333432674408,0.3753920793533325,0.07909677922725677,0.40818968415260315,0.5127135515213013
j1m6ctAgjsM$_$14,Neutral,Positive,0.0,0.39699944853782654,0.07345395535230637,0.3813098073005676,0.5452362298965454
j1m6ctAgjsM$_$18,Positive,Positive,1.0,0.2794622778892517,0.1441161185503006,0.39341044425964355,0.46247339248657227
j1m6ctAgjsM$_$30,Positive,Neutral,0.3333333432674408,0.0,0.18691155314445496,0.4604635238647461,0.35262495279312134
j1m6ctAgjsM$_$35,Positive,Positive,1.0,0.5499627590179443,0.061271123588085175,0.2769309878349304,0.6617978811264038
j1m6ctAgjsM$_$33,Positive,Neutral,0.3333333432674408,0.0,0.118085578083992,0.5616449117660522,0.32026952505111694
j1m6ctAgjsM$_$37,Neutral,Neutral,0.0,0.0,0.09734313189983368,0.5123392343521118,0.3903176188468933
jXQmVFcOiUI$_$0,Positive,Positive,1.0,1.0023784637451172,0.04405622184276581,0.12431348860263824,0.8316303491592407
jj8aSNPHMw8$_$14,Neutral,Negative,0.0,-0.29287609457969666,0.5138827562332153,0.31094890832901,0.17516833543777466
jj8aSNPHMw8$_$5,Negative,Negative,-1.3333333730697632,-0.010257774963974953,0.4000781178474426,0.26916074752807617,0.3307611346244812
jqutn5ou8_0$_$6,Positive,Positive,0.6666666865348816,0.6414896249771118,0.0578402504324913,0.22478270530700684,0.7173770666122437
jscKL5jS-SQ$_$17,Positive,Positive,1.0,0.6752008199691772,0.1847352236509323,0.1947675496339798,0.6204972267150879
kaudsLIvYC8$_$0,Positive,Positive,1.6666666269302368,0.5997314453125,0.09454832971096039,0.24982929229736328,0.6556223630905151
kg-W6-hP2Do$_$3,Neutral,Positive,0.0,0.634286642074585,0.15935304760932922,0.23311491310596466,0.6075321435928345
kpS4BXif_Sw$_$12,Negative,Negative,-2.0,-0.933131217956543,0.8151114583015442,0.12383346259593964,0.06105506420135498
kpS4BXif_Sw$_$15,Positive,Positive,1.3333333730697632,0.4010355472564697,0.22686168551445007,0.22472147643566132,0.548416793346405
kpS4BXif_Sw$_$4,Neutral,Positive,0.0,0.7821024656295776,0.06982250511646271,0.16000492870807648,0.7701725959777832
kpS4BXif_Sw$_$8,Negative,Negative,-1.0,-0.8074100613594055,0.768226146697998,0.15905283391475677,0.0727209746837616
ktblaVOnFVE$_$4,Positive,Positive,1.3333333730697632,0.2936146855354309,0.136439248919487,0.3943297266960144,0.4692310690879822
l0vCKpk6Aes$_$24,Neutral,Positive,0.0,0.7827187776565552,0.08914133161306381,0.16649731993675232,0.7443613409996033
l0vCKpk6Aes$_$12,Positive,Positive,1.0,0.5854306817054749,0.10626007616519928,0.2676451802253723,0.6260947585105896
l0vCKpk6Aes$_$19,Neutral,Negative,0.0,-0.10510561615228653,0.46444106101989746,0.2564786970615387,0.27908027172088623
l4oMbKDuW3Y$_$3,Negative,Negative,-0.6666666865348816,-1.1542199850082397,0.8660198450088501,0.08382654935121536,0.05015372112393379
lD4xtQ6NpDY$_$2,Neutral,Positive,0.0,0.14163652062416077,0.22072827816009521,0.4014279842376709,0.3778437674045563
lYwgLa4R5XQ$_$1,Neutral,Positive,0.0,0.18779584765434265,0.18132393062114716,0.4207680821418762,0.3979080319404602
lkIe41StoGI$_$10,Neutral,Neutral,0.0,0.0,0.14497467875480652,0.6805880665779114,0.17443731427192688
lkIe41StoGI$_$3,Positive,Positive,0.6666666865348816,0.5398460626602173,0.06667657941579819,0.30043545365333557,0.6328879594802856
lkIe41StoGI$_$2,Positive,Neutral,0.6666666865348816,0.0,0.28793469071388245,0.46336013078689575,0.24870514869689941
lkIe41StoGI$_$8,Neutral,Neutral,0.0,0.0,0.11505444347858429,0.5254375338554382,0.3595079779624939
lwL4hjhkid4$_$1,Neutral,Neutral,0.0,0.0,0.1533317118883133,0.5662550926208496,0.2804132103919983
lwL4hjhkid4$_$3,Positive,Positive,2.0,0.5552838444709778,0.0672287568449974,0.2641795575618744,0.6685917377471924
lwL4hjhkid4$_$6,Positive,Positive,0.3333333432674408,0.526709258556366,0.10764405876398087,0.2570856213569641,0.6352702975273132
m-7yRWZLwLY$_$0,Neutral,Neutral,0.0,0.0,0.16547587513923645,0.4901730418205261,0.34435099363327026
mVnqP-vLpuo$_$0,Positive,Positive,0.6666666865348816,1.0063252449035645,0.04059320688247681,0.12333498150110245,0.8360718488693237
mZ_8em_-CGc$_$7,Positive,Positive,0.6666666865348816,0.4596918225288391,0.08247126638889313,0.31826600432395935,0.5992628335952759
mgsvwAVQAQo$_$4,Positive,Positive,0.3333333432674408,0.28833824396133423,0.16799910366535187,0.38018879294395447,0.45181208848953247
mmg_eTDHjkk$_$5,Positive,Positive,0.3333333432674408,0.2104232758283615,0.11360001564025879,0.49113941192626953,0.39526063203811646
mmg_eTDHjkk$_$8,Positive,Positive,0.6666666865348816,0.29770269989967346,0.10646653175354004,0.425455242395401,0.46807822585105896
mmg_eTDHjkk$_$15,Positive,Positive,1.0,0.28160497546195984,0.19920970499515533,0.34645771980285645,0.45433253049850464
mzAu5gxjE-w$_$2,Positive,Positive,1.6666666269302368,1.5410152673721313,0.030853236094117165,0.055918801575899124,0.913227915763855
nFTo-Lz4Fr8$_$1,Positive,Positive,0.6666666865348816,1.074238657951355,0.04441347345709801,0.11812945455312729,0.8374570608139038
nZFPKP9kBkw$_$4,Neutral,Positive,0.0,1.2212779521942139,0.042419321835041046,0.08359195291996002,0.8739887475967407
namehdJxRIM$_$1,Positive,Positive,0.3333333432674408,0.2991819381713867,0.09441158920526505,0.40463346242904663,0.5009549856185913
o2XbNJDpOlc$_$6,Positive,Positive,1.6666666269302368,0.29670268297195435,0.18045493960380554,0.3391110897064209,0.48043394088745117
oBS-IW-BO00$_$3,Neutral,Positive,0.0,0.15014268457889557,0.1852998435497284,0.44062748551368713,0.3740726411342621
oHff2W51wZ8$_$1,Positive,Positive,1.3333333730697632,1.2595689296722412,0.029619168490171432,0.07631354033946991,0.8940672874450684
oHff2W51wZ8$_$2,Positive,Positive,2.0,1.360203504562378,0.030133944004774094,0.06579241156578064,0.9040737152099609
oHff2W51wZ8$_$5,Positive,Positive,2.6666667461395264,0.8551538586616516,0.04658008739352226,0.17842015624046326,0.774999737739563
oPlnhc0DkcU$_$1,Negative,Negative,-0.3333333432674408,-0.2693707346916199,0.5531075596809387,0.2729737162590027,0.1739187240600586
oZxMx8e0x2U$_$2,Positive,Negative,0.3333333432674408,-0.4189639091491699,0.5722858309745789,0.313747763633728,0.11396642029285431
obGF3RfWQKE$_$24,Neutral,Positive,0.0,0.4048007130622864,0.2065616101026535,0.27569881081581116,0.5177395939826965
obGF3RfWQKE$_$3,Positive,Positive,1.3333333730697632,1.5701936483383179,0.04353838786482811,0.06284470856189728,0.8936168551445007
ossKC1VrusE$_$3,Positive,Positive,0.6666666865348816,0.40325674414634705,0.07532107830047607,0.3676544427871704,0.5570244789123535
ossKC1VrusE$_$2,Positive,Positive,1.6666666269302368,0.6080003976821899,0.07564705610275269,0.23614051938056946,0.6882123947143555
ozA7pRW4gFM$_$7,Neutral,Positive,0.0,0.10170706361532211,0.26657772064208984,0.3916384279727936,0.34178388118743896
p4WmcxrXkc4$_$0,Positive,Positive,0.3333333432674408,0.6726815700531006,0.06015283986926079,0.20518183708190918,0.7346652746200562
p7zuPEZgtY4$_$0,Positive,Neutral,0.3333333432674408,0.0,0.23955121636390686,0.4237135052680969,0.3367353081703186
pIaEcqnzI-s$_$3,Positive,Positive,0.3333333432674408,0.33668917417526245,0.09649984538555145,0.3832260072231293,0.5202741026878357
pIaEcqnzI-s$_$5,Negative,Neutral,-0.3333333432674408,0.0,0.13626298308372498,0.5318321585655212,0.33190491795539856
pIaEcqnzI-s$_$7,Negative,Neutral,-0.3333333432674408,0.0,0.18139910697937012,0.5118526220321655,0.30674827098846436
pIaEcqnzI-s$_$6,Neutral,Positive,0.0,0.28088241815567017,0.1072198748588562,0.4089047908782959,0.4838753640651703
pQpy7RSfWzM$_$19,Positive,Positive,0.3333333432674408,0.8737586736679077,0.062426745891571045,0.15831732749938965,0.7792559862136841
pQpy7RSfWzM$_$8,Neutral,Positive,0.0,0.36180609464645386,0.14221704006195068,0.33027178049087524,0.5275111794471741
pSxte-ms0t8$_$33,Negative,Negative,-0.3333333432674408,-0.22960488498210907,0.5473219156265259,0.24329371750354767,0.20938436686992645
pSxte-ms0t8$_$2,Positive,Negative,0.6666666865348816,-0.04545293003320694,0.32955384254455566,0.35578927397727966,0.31465691328048706
pSxte-ms0t8$_$7,Negative,Negative,-2.0,-1.0037368535995483,0.833572506904602,0.11114974319934845,0.055277757346630096
pSxte-ms0t8$_$6,Positive,Positive,1.0,0.2511485517024994,0.1510438770055771,0.3856583535671234,0.4632977545261383
pZye4zFzk3o$_$2,Negative,Positive,-0.6666666865348816,0.28603148460388184,0.144321471452713,0.36535343527793884,0.49032506346702576
pZye4zFzk3o$_$5,Negative,Negative,-0.6666666865348816,-0.42071446776390076,0.588476300239563,0.2722617983818054,0.13926191627979279
pnpFPX34Agk$_$2,Positive,Positive,0.3333333432674408,0.15724632143974304,0.17774170637130737,0.44996753334999084,0.37229079008102417
q5M1God4M6Y$_$9,Positive,Positive,0.6666666865348816,0.26979994773864746,0.08598635345697403,0.47100573778152466,0.4430078864097595
qDfSYz0PX9g$_$0,Negative,Negative,-2.0,-0.31661543250083923,0.6074491143226624,0.10033474117517471,0.29221612215042114
qDfSYz0PX9g$_$8,Negative,Negative,-0.6666666865348816,-0.01153498888015747,0.36656567454338074,0.33348074555397034,0.2999535799026489
qEuJj4uW93E$_$1,Neutral,Positive,0.0,0.28878718614578247,0.09315923601388931,0.47304287552833557,0.4337979257106781
qgC8_emxSIU$_$6,Neutral,Positive,0.0,0.20083793997764587,0.12472335249185562,0.4772336483001709,0.3980430066585541
r46amqjpWgg$_$26,Positive,Positive,0.6666666865348816,1.1560282707214355,0.04979809746146202,0.09029189497232437,0.8599100112915039
r46amqjpWgg$_$22,Positive,Positive,0.6666666865348816,0.8163260221481323,0.0620945505797863,0.1757279634475708,0.7621775269508362
r46amqjpWgg$_$6,Positive,Positive,1.3333333730697632,0.6940914988517761,0.05433512479066849,0.2197365015745163,0.7259284257888794
r46amqjpWgg$_$15,Neutral,Neutral,0.0,0.0,0.17525744438171387,0.5433165431022644,0.28142601251602173
r46amqjpWgg$_$32,Positive,Positive,1.0,1.5783144235610962,0.03123399242758751,0.05324072390794754,0.9155252575874329
rcfnqiD0y8o$_$0,Positive,Positive,1.6666666269302368,1.499779462814331,0.03120053932070732,0.05545958876609802,0.9133399128913879
rhQB8e999-Q$_$10,Positive,Positive,1.0,0.8161731958389282,0.05472039058804512,0.162561297416687,0.7827183604240417
rhQB8e999-Q$_$0,Positive,Positive,0.6666666865348816,1.0155413150787354,0.03324456885457039,0.1076197475194931,0.8591357469558716
rhQB8e999-Q$_$5,Neutral,Positive,0.0,0.8372824788093567,0.04020027443766594,0.14635589718818665,0.8134437799453735
rhQB8e999-Q$_$7,Positive,Positive,0.6666666865348816,0.9422391653060913,0.03740683197975159,0.1189061775803566,0.8436869382858276
rhQB8e999-Q$_$8,Neutral,Positive,0.0,0.4606854319572449,0.06382691860198975,0.33408182859420776,0.6020912528038025
svsbGQn389o$_$8,Negative,Negative,-1.3333333730697632,-0.9467074275016785,0.8204967379570007,0.11480774730443954,0.06469553709030151
tC2KicUHB9Q$_$7,Negative,Neutral,-0.3333333432674408,0.0,0.11216513812541962,0.583238959312439,0.3045958876609802
tNd3--lvSXE$_$6,Positive,Positive,0.6666666865348816,0.12769408524036407,0.2790226340293884,0.3722677230834961,0.3487096130847931
teQqaAmqqx0$_$0,Neutral,Positive,0.0,0.9711605906486511,0.07271503657102585,0.14644183218479156,0.7808431386947632
teQqaAmqqx0$_$3,Neutral,Positive,0.0,1.430023193359375,0.038845520466566086,0.06371114403009415,0.8974432945251465
tnWmVXZ87h0$_$0,Positive,Positive,2.0,1.0425297021865845,0.054628800600767136,0.11618109792470932,0.8291901350021362
tnWmVXZ87h0$_$3,Positive,Positive,1.6666666269302368,0.6535158753395081,0.1704559177160263,0.1778811812400818,0.6516629457473755
ttfaZ8IIWCo$_$2,Positive,Positive,2.3333332538604736,1.1713852882385254,0.03456547111272812,0.09398452192544937,0.8714499473571777
ttfaZ8IIWCo$_$5,Positive,Positive,2.3333332538604736,0.9574499130249023,0.04774807393550873,0.12649014592170715,0.8257617950439453
ttfaZ8IIWCo$_$4,Positive,Positive,2.3333332538604736,1.2803456783294678,0.03078465722501278,0.08440852910280228,0.8848068118095398
tymso_pAxhk$_$12,Negative,Positive,-1.0,0.22927860915660858,0.2512088716030121,0.29940396547317505,0.44938716292381287
u9ZV8jb_-U0$_$0,Negative,Negative,-1.6666666269302368,-0.36346307396888733,0.5775061845779419,0.23042316734790802,0.19207072257995605
um8WVjZMLUc$_$1,Neutral,Negative,0.0,-0.8525810241699219,0.7928197383880615,0.14803318679332733,0.05914701148867607
unOeTDc2rlY$_$27,Positive,Positive,1.0,0.38166579604148865,0.17958250641822815,0.28330397605895996,0.5371135473251343
unOeTDc2rlY$_$31,Positive,Positive,1.0,0.17261335253715515,0.19840338826179504,0.4270778298377991,0.3745187819004059
unOeTDc2rlY$_$29,Negative,Negative,-0.3333333432674408,-0.894544243812561,0.7699562311172485,0.11974990367889404,0.11029388755559921
uogwnZGb-iE$_$26,Positive,Positive,2.0,0.7902287244796753,0.06626218557357788,0.19804427027702332,0.7356935739517212
uogwnZGb-iE$_$21,Positive,Positive,0.3333333432674408,0.6344121098518372,0.15559759736061096,0.2117716372013092,0.6326307654380798
uogwnZGb-iE$_$22,Positive,Positive,2.0,1.5858917236328125,0.026413574814796448,0.052833907306194305,0.9207525253295898
uogwnZGb-iE$_$28,Positive,Positive,2.3333332538604736,1.5308796167373657,0.02809721603989601,0.05516050383448601,0.916742205619812
uogwnZGb-iE$_$13,Positive,Positive,2.3333332538604736,1.4793400764465332,0.03443988412618637,0.06038554757833481,0.9051746129989624
uogwnZGb-iE$_$6,Positive,Positive,1.0,1.2519115209579468,0.04569079726934433,0.08852320164442062,0.8657859563827515
vB_kZocHtYo$_$8,Neutral,Neutral,0.0,0.0,0.11757577955722809,0.5106520652770996,0.3717721402645111
vGkIaClHKDg$_$6,Positive,Positive,1.3333333730697632,1.4905529022216797,0.03167954087257385,0.05803549289703369,0.9102849960327148
vR90Pdx9wxs$_$3,Positive,Positive,0.3333333432674408,0.29439759254455566,0.10612253099679947,0.4257540702819824,0.4681234359741211
v_8QeoNc4QY$_$5,Positive,Neutral,0.3333333432674408,0.0,0.2657338082790375,0.5626708269119263,0.17159539461135864
veA6ECsGFxI$_$0,Positive,Positive,0.6666666865348816,0.8320432901382446,0.06366991251707077,0.15598119795322418,0.7803488373756409
wC_1M7KIv9s$_$24,Neutral,Positive,0.0,0.3012549877166748,0.15035268664360046,0.35237592458724976,0.49727144837379456
wC_1M7KIv9s$_$12,Positive,Positive,0.3333333432674408,0.6995190382003784,0.0657169371843338,0.17792782187461853,0.7563551664352417
wC_1M7KIv9s$_$23,Neutral,Negative,0.0,-0.14349709451198578,0.4280524253845215,0.34590214490890503,0.22604544460773468
wC_1M7KIv9s$_$1,Positive,Positive,0.6666666865348816,0.3027774691581726,0.13734614849090576,0.38093453645706177,0.48171931505203247
wC_1M7KIv9s$_$5,Neutral,Neutral,0.0,0.0,0.2097756415605545,0.5250512361526489,0.26517316699028015
wC_1M7KIv9s$_$25,Positive,Positive,2.0,0.45547884702682495,0.10060392320156097,0.2834520936012268,0.615943968296051
wC_1M7KIv9s$_$21,Negative,Negative,-0.3333333432674408,-0.3723190724849701,0.6186569929122925,0.22365601360797882,0.15768708288669586
wHeZHLv9wGI$_$12,Negative,Negative,-0.6666666865348816,-1.0643211603164673,0.8276376724243164,0.09050758183002472,0.08185473829507828
wnL3ld9bM2o$_$25,Positive,Negative,2.0,-0.6845293045043945,0.7309398055076599,0.1358068734407425,0.1332533061504364
wnL3ld9bM2o$_$21,Positive,Negative,0.3333333432674408,-0.5430954694747925,0.6697648763656616,0.1838541179895401,0.1463809311389923
wnL3ld9bM2o$_$4,Positive,Positive,0.3333333432674408,1.0760538578033447,0.06453990936279297,0.10983677208423615,0.8256233334541321
wnL3ld9bM2o$_$9,Positive,Positive,1.0,0.7030576467514038,0.08815811574459076,0.20606759190559387,0.7057743072509766
wnL3ld9bM2o$_$15,Neutral,Negative,0.0,-0.36382123827934265,0.6057718396186829,0.23475119471549988,0.15947693586349487
wnL3ld9bM2o$_$14,Neutral,Neutral,0.0,0.0,0.14432598650455475,0.5918563008308411,0.263817697763443
wznRBN1fWj4$_$0,Neutral,Neutral,0.0,0.0,0.23109221458435059,0.5182133913040161,0.2506944239139557
wznRBN1fWj4$_$6,Neutral,Positive,0.0,0.6186116933822632,0.060242749750614166,0.24145802855491638,0.69829922914505
x0rLwBIocuI$_$7,Negative,Negative,-0.6666666865348816,-1.061814308166504,0.8387559056282043,0.10705705732107162,0.054187096655368805
xBE9YWYGjtk$_$7,Positive,Positive,2.0,1.3898837566375732,0.033326927572488785,0.06702237576246262,0.8996507525444031
xSCvspXYU9k$_$19,Negative,Negative,-1.0,-1.0604164600372314,0.8395259976387024,0.10108323395252228,0.059390731155872345
xSCvspXYU9k$_$7,Neutral,Positive,0.0,0.8416708111763,0.06808457523584366,0.15317240357398987,0.7787430286407471
xXXcgb9eZ9Y$_$7,Negative,Negative,-0.3333333432674408,-0.18524378538131714,0.45771560072898865,0.3664557933807373,0.17582860589027405
xmLJHru6Z1M$_$12,Positive,Neutral,1.0,0.0,0.3107929825782776,0.42925962805747986,0.25994738936424255
xmLJHru6Z1M$_$14,Positive,Negative,1.0,-0.1998874992132187,0.4813908636569977,0.31838369369506836,0.20022547245025635
xmLJHru6Z1M$_$8,Positive,Positive,0.3333333432674408,0.3058111071586609,0.12238188832998276,0.39768579602241516,0.4799323081970215
xobMRm5Vs44$_$1,Neutral,Positive,0.0,1.2738616466522217,0.030628615990281105,0.07751664519309998,0.8918547630310059
yCpHmPSshKY$_$1,Positive,Negative,1.6666666269302368,-0.16550081968307495,0.49010810256004333,0.2198161631822586,0.29007571935653687
yCpHmPSshKY$_$0,Positive,Negative,0.6666666865348816,-0.13775931298732758,0.4193219244480133,0.34199589490890503,0.23868218064308167
yLo-Jl8nBXU$_$11,Positive,Positive,0.6666666865348816,1.3692461252212524,0.03717854619026184,0.06775394082069397,0.8950675129890442
yLo-Jl8nBXU$_$0,Neutral,Negative,0.0,-0.4652315676212311,0.6091686487197876,0.23922879993915558,0.1516025960445404
yLo-Jl8nBXU$_$6,Positive,Positive,1.3333333730697632,1.4077531099319458,0.03611060604453087,0.061649471521377563,0.9022399187088013
ySblgk7T7eQ$_$12,Negative,Negative,-0.3333333432674408,-0.05762156844139099,0.41259831190109253,0.33217519521713257,0.2552264928817749
ySblgk7T7eQ$_$0,Positive,Positive,1.0,1.1706640720367432,0.03496287390589714,0.08762909471988678,0.8774080276489258
ySblgk7T7eQ$_$4,Positive,Positive,0.6666666865348816,0.2042432725429535,0.1405733823776245,0.45500439405441284,0.40442219376564026
ySblgk7T7eQ$_$9,Positive,Negative,1.0,-0.9124782681465149,0.8102828860282898,0.11459672451019287,0.07512039691209793
yUqNp-poh9M$_$2,Negative,Negative,-0.3333333432674408,-0.7668276429176331,0.7101148366928101,0.13985323905944824,0.15003187954425812
yUqNp-poh9M$_$9,Neutral,Negative,0.0,-0.5170820951461792,0.6678928136825562,0.21171991527080536,0.12038731575012207
ydzNAuqUAnc$_$6,Negative,Negative,-1.0,-0.1343686282634735,0.4977598190307617,0.21584466099739075,0.28639549016952515
yoDMh8FlHR8$_$0,Positive,Positive,1.6666666269302368,0.4226277768611908,0.08745543658733368,0.3078131377696991,0.6047314405441284
yzCHa2qchpg$_$1,Negative,Negative,-2.0,-0.3969317376613617,0.6100234985351562,0.16749076545238495,0.22248569130897522
yzCHa2qchpg$_$2,Positive,Positive,1.3333333730697632,1.0796763896942139,0.06327363103628159,0.14307676255702972,0.7936495542526245
z441aDJvAcU$_$20,Positive,Positive,1.0,0.7638341188430786,0.04890431836247444,0.18326902389526367,0.7678266167640686
z441aDJvAcU$_$21,Positive,Positive,0.3333333432674408,0.9622548818588257,0.04640371724963188,0.14043715596199036,0.8131591081619263
z441aDJvAcU$_$22,Neutral,Negative,0.0,-0.29855841398239136,0.5448729395866394,0.31309834122657776,0.14202876389026642
zfZUOvZZTuk$_$1,Neutral,Neutral,0.0,0.0,0.18233008682727814,0.4736495018005371,0.34402042627334595
zfZUOvZZTuk$_$8,Neutral,Positive,0.0,0.3537507653236389,0.12595973908901215,0.3552227020263672,0.5188175439834595
zhNksSReaQk$_$27,Neutral,Positive,0.0,0.40621551871299744,0.1627042591571808,0.3033211827278137,0.5339745283126831
zhNksSReaQk$_$44,Negative,Positive,-1.0,0.8071017265319824,0.1288152039051056,0.15861518681049347,0.7125695943832397
zhNksSReaQk$_$28,Negative,Negative,-1.0,-0.06041177362203598,0.5163198709487915,0.18311050534248352,0.3005695641040802
zhNksSReaQk$_$1,Neutral,Positive,0.0,1.1160751581192017,0.08866095542907715,0.11243877559900284,0.7989002466201782
zhNksSReaQk$_$4,Negative,Negative,-0.3333333432674408,-1.026515245437622,0.8091405034065247,0.11951569467782974,0.071343794465065
zhNksSReaQk$_$15,Neutral,Positive,0.0,0.6217330694198608,0.12016566842794418,0.2320067435503006,0.6478276252746582
zhNksSReaQk$_$36,Neutral,Negative,0.0,-0.6892221570014954,0.7543748021125793,0.13788604736328125,0.1077391728758812
