sample_id,modality,feature_file,shape,dtype,size_bytes,sha256
-3g5yACwYnA_13,audio,outputs/features/audio/-3g5yACwYnA_13.npy,50x25,float32,5128,0f3bae32fc0a5a4688e28f79c7f8b9daa1b367beb1d99e57d139c329e8d5fc02
-3g5yACwYnA_13,vision,outputs/features/visual/-3g5yACwYnA_13.npy,50x20,float32,4128,18e53509bd92a76c60cd434186d566fce156b77397753758e9045268c4cb5928
-3g5yACwYnA_13,text,outputs/features/text/-3g5yACwYnA_13.npy,50x768,float32,153728,12bce85a862ed10d1ac383ec83c572b50ee26e78a903a94a29d3108be14ea566
-3g5yACwYnA_2,audio,outputs/features/audio/-3g5yACwYnA_2.npy,50x25,float32,5128,e81e273ef102cf2516ccd1c546b3471421cf634260bbb028f7ba6f8ed2b76f70
-3g5yACwYnA_2,vision,outputs/features/visual/-3g5yACwYnA_2.npy,50x20,float32,4128,15162cfb0c48196803f1d930853f597a979fb6c90bd7cafb4758a0b960b7b3cf
-3g5yACwYnA_2,text,outputs/features/text/-3g5yACwYnA_2.npy,50x768,float32,153728,604c05b67ff86bf7e574a45df9480f800c3e630dbe5879d368c0974838375601
-3g5yACwYnA_3,audio,outputs/features/audio/-3g5yACwYnA_3.npy,50x25,float32,5128,0071a97dbc26cf7d888f3e7996be54ef007ee55da66630de6b0c728dfb7edecf
-3g5yACwYnA_3,vision,outputs/features/visual/-3g5yACwYnA_3.npy,50x20,float32,4128,308833c2259ab236335d2ee201dbf65c9f5348fd5187f77d6eee79a30cbf920e
-3g5yACwYnA_3,text,outputs/features/text/-3g5yACwYnA_3.npy,50x768,float32,153728,00e98e486e153e39227a45920f6feb28ebbbb9cb2bcfbb9910e70f572d7db292
-3g5yACwYnA_9,audio,outputs/features/audio/-3g5yACwYnA_9.npy,50x25,float32,5128,ecf651c5545b83fb4d1cb47158255bc7ded1e88f91d2804e40bc3bc9a6603875
-3g5yACwYnA_9,vision,outputs/features/visual/-3g5yACwYnA_9.npy,50x20,float32,4128,5094c847c0c3d8f27ba20af6c68f37896ed1923abf10fd01e0a44bbbb1cabf5d
-3g5yACwYnA_9,text,outputs/features/text/-3g5yACwYnA_9.npy,50x768,float32,153728,0d1f0631f94455c7c2e572c714645df252b4b98e01970fe425390722c33c6d31
-3nNcZdcdvU_5,audio,outputs/features/audio/-3nNcZdcdvU_5.npy,50x25,float32,5128,6c7d5a08bb557472922bcb3009e09f01bbfc95ef71582b0ebe60354ddedafee8
-3nNcZdcdvU_5,vision,outputs/features/visual/-3nNcZdcdvU_5.npy,50x20,float32,4128,80d051d86eab061f236a28fd416bb216abf13dca0bb9610f3699456d55b0734b
-3nNcZdcdvU_5,text,outputs/features/text/-3nNcZdcdvU_5.npy,50x768,float32,153728,4d61ecfdc6f15c20408c6d30547fe7ba04865ad3dd329809e4fc5ce286b55b6d
-571d8cVauQ_0,audio,outputs/features/audio/-571d8cVauQ_0.npy,50x25,float32,5128,e79975cbfc7192acdfc1aa7fc46b5a13939da5886150b6980df04d389f9f237e
-571d8cVauQ_0,vision,outputs/features/visual/-571d8cVauQ_0.npy,50x20,float32,4128,46a7342ca799dcc3837bfc5c42f241ddb4f1864764c3bf46732e672f89d3d47a
-571d8cVauQ_0,text,outputs/features/text/-571d8cVauQ_0.npy,50x768,float32,153728,b3c26737a3b7bfea29f7dc3b264d2048f38d45f3232e8b788bd266cfcccdfcda
-571d8cVauQ_5,audio,outputs/features/audio/-571d8cVauQ_5.npy,50x25,float32,5128,c6a2db870fd9d60c6208c29d4f9562ff2641c76626a7e75e968966c24079ae3d
-571d8cVauQ_5,vision,outputs/features/visual/-571d8cVauQ_5.npy,50x20,float32,4128,86033362165ba03ebba543a926c6568f80fcad9dbfe131ba4458d22e2c769bcf
-571d8cVauQ_5,text,outputs/features/text/-571d8cVauQ_5.npy,50x768,float32,153728,ea38c77050bb05bfaf039e51397c5f84068131dc2bce2436512d410037ec603a
-6rXp3zJ3kc_8,audio,outputs/features/audio/-6rXp3zJ3kc_8.npy,50x25,float32,5128,4ac455f7cf1487717f82c68b19d55185ce65517fede930b95e9578fba3f99cd3
-6rXp3zJ3kc_8,vision,outputs/features/visual/-6rXp3zJ3kc_8.npy,50x20,float32,4128,47b7b0d0ccba8638476f36a19ee2db600851be9804f9309a9ffd8aadd5de6c99
-6rXp3zJ3kc_8,text,outputs/features/text/-6rXp3zJ3kc_8.npy,50x768,float32,153728,819adeac80c931913a64c9a6bd7abf8d6c3fcaa621e2ed0b3b37293642e910c5
-9y-fZ3swSY_0,audio,outputs/features/audio/-9y-fZ3swSY_0.npy,50x25,float32,5128,74f24697c2934ab52ca9ac9f2cb952a6a1f4defc2d2e5ecc53bf8e6cff20f2b4
-9y-fZ3swSY_0,vision,outputs/features/visual/-9y-fZ3swSY_0.npy,50x20,float32,4128,86a7cb743c34edbb1995d099a0e8e8e6a77dae08b56e26b92b43ff7dd3510bde
-9y-fZ3swSY_0,text,outputs/features/text/-9y-fZ3swSY_0.npy,50x768,float32,153728,db29dbca29c35780a5d88fbaa2fdf9c8fadde2ce654a7df0772c5ef601d0535f
-9y-fZ3swSY_4,audio,outputs/features/audio/-9y-fZ3swSY_4.npy,50x25,float32,5128,988ab5ebb3f7bd3c977d7500e87bd1497d596540702b13366f032ab4f29dce7b
-9y-fZ3swSY_4,vision,outputs/features/visual/-9y-fZ3swSY_4.npy,50x20,float32,4128,f58aa7fed41ba7c1bfc2809c613a7075efe8f8951f10f9471211602d528e1293
-9y-fZ3swSY_4,text,outputs/features/text/-9y-fZ3swSY_4.npy,50x768,float32,153728,a518f2ac8c290b5240de8d34e65e556a46d66bdd79d0ab25f5a7fce7fe5e57a2
-9y-fZ3swSY_8,audio,outputs/features/audio/-9y-fZ3swSY_8.npy,50x25,float32,5128,e99cce1917dc26f7382b8bafd3115ee04a3fb84ac2260b1ab42446eeced4acfe
-9y-fZ3swSY_8,vision,outputs/features/visual/-9y-fZ3swSY_8.npy,50x20,float32,4128,66efc632d3cb1dc026b11e2a74f3b4ede9dced6b2b4f728fdff4213c8551f7f6
-9y-fZ3swSY_8,text,outputs/features/text/-9y-fZ3swSY_8.npy,50x768,float32,153728,fe7159c4bcd1d7e17e6f4ccd95adddfafde6f440abad65911e86d2fb394c1fcc
-AUZQgSxyPQ_2,audio,outputs/features/audio/-AUZQgSxyPQ_2.npy,50x25,float32,5128,60deb2f28bd5b4479f8f94f58e32954d9c5df2b920088a6c42ef0c484b16c654
-AUZQgSxyPQ_2,vision,outputs/features/visual/-AUZQgSxyPQ_2.npy,50x20,float32,4128,2718bec71c6268d933b9a8458218587fd31fc4f2a9aae65cac6858d4d441b04e
-AUZQgSxyPQ_2,text,outputs/features/text/-AUZQgSxyPQ_2.npy,50x768,float32,153728,a2f412674b99d6a7503f5d7e54fb82da744676fc44ad82384220868c2e02856c
-HeZS2-Prhc_2,audio,outputs/features/audio/-HeZS2-Prhc_2.npy,50x25,float32,5128,39919d60e42a76668791a2b6e28de39f26a7b4e196551463af240801ac247eec
-HeZS2-Prhc_2,vision,outputs/features/visual/-HeZS2-Prhc_2.npy,50x20,float32,4128,1fa82f503b1dc8554e3003217d2a912a5561ae4d6da29e26694d0f051e2f1d30
-HeZS2-Prhc_2,text,outputs/features/text/-HeZS2-Prhc_2.npy,50x768,float32,153728,c516662359f0bcf735203cd7470ca3bb58de0025d5743f9fc1be6acb323c8493
-HwX2H8Z4hY_2,audio,outputs/features/audio/-HwX2H8Z4hY_2.npy,50x25,float32,5128,80326f5c5040d829f976f8512a944d0094def9f90e607db975ee386e1ea844ad
-HwX2H8Z4hY_2,vision,outputs/features/visual/-HwX2H8Z4hY_2.npy,50x20,float32,4128,c16ecd25df49c96eea0003f5e9ca753d5e5319d1908a820d4264dcce3f25105a
-HwX2H8Z4hY_2,text,outputs/features/text/-HwX2H8Z4hY_2.npy,50x768,float32,153728,33fbffaa73f07b4a0c225dc439599fb07f8cc7c691fcf2683a98910f2538fe73
-HwX2H8Z4hY_5,audio,outputs/features/audio/-HwX2H8Z4hY_5.npy,50x25,float32,5128,ec3f3a39bcc50b4ed37d07a2fbd36a0b9b1c982481c15b45cb0a6e94e2acff00
-HwX2H8Z4hY_5,vision,outputs/features/visual/-HwX2H8Z4hY_5.npy,50x20,float32,4128,678712f1bfc84b5b27f1037f24c3371748433420deb1caaf7e56d9408bcc86c1
-HwX2H8Z4hY_5,text,outputs/features/text/-HwX2H8Z4hY_5.npy,50x768,float32,153728,24d06424e6362e7409d7805be4b1e1a7e6ebd879eec0aa250563f0cc6bb7cbd0
-HwX2H8Z4hY_6,audio,outputs/features/audio/-HwX2H8Z4hY_6.npy,50x25,float32,5128,291952c172fe8cf70d3222422dc4f426a2360949ca696a6c6e19b45ef0b9e8e9
-HwX2H8Z4hY_6,vision,outputs/features/visual/-HwX2H8Z4hY_6.npy,50x20,float32,4128,c2666060aad712fe8440d085465807dcf47da604224d4d580e138c8d855ffbbf
-HwX2H8Z4hY_6,text,outputs/features/text/-HwX2H8Z4hY_6.npy,50x768,float32,153728,572821d2c55d1a9b6358f4bf7c1d1071a2f217c0da37a32f069a2d7687b94536
-HwX2H8Z4hY_9,audio,outputs/features/audio/-HwX2H8Z4hY_9.npy,50x25,float32,5128,7a2b5d190ffd7ca8a78b28c4deb3a42cc6ed8ca0cfcd348ea00aaf70933fbecf
-HwX2H8Z4hY_9,vision,outputs/features/visual/-HwX2H8Z4hY_9.npy,50x20,float32,4128,599c26a7d8085915081837c1e067f5ae8cc1c241600aa6fe5a2fe7fc933d898d
-HwX2H8Z4hY_9,text,outputs/features/text/-HwX2H8Z4hY_9.npy,50x768,float32,153728,9fe2223acd9036259fc9df78a891f145769f76c4e73a5f33f7d4fcb3919fa517
-I_e4mIh0yE_1,audio,outputs/features/audio/-I_e4mIh0yE_1.npy,50x25,float32,5128,f0d6f8313b57e01203c2990788e26c1d416889c9afd26794f61503dd70119b35
-I_e4mIh0yE_1,vision,outputs/features/visual/-I_e4mIh0yE_1.npy,50x20,float32,4128,d088236889cd099555305fb2ffc143234192a2f5f4a7da18e279059a425b0809
-I_e4mIh0yE_1,text,outputs/features/text/-I_e4mIh0yE_1.npy,50x768,float32,153728,4e854157c59f8a63772677c4b2315597882e33fa0c1cac465d1a2b6861de2697
-I_e4mIh0yE_3,audio,outputs/features/audio/-I_e4mIh0yE_3.npy,50x25,float32,5128,80a0694cfe53e46fb1cb38c87a41c62b83eb0d6e8333c9e23ec1c39bb0bbfb78
-I_e4mIh0yE_3,vision,outputs/features/visual/-I_e4mIh0yE_3.npy,50x20,float32,4128,e5fd4d7622981f008b005e68d72bb13a70c2fff4327d98fe08317c86b38b01df
-I_e4mIh0yE_3,text,outputs/features/text/-I_e4mIh0yE_3.npy,50x768,float32,153728,b1aabad39852c82db64ba951b9994f977c040accd3958de0562a3ee5cfbf8934
-MeTTeMJBNc_0,audio,outputs/features/audio/-MeTTeMJBNc_0.npy,50x25,float32,5128,47314ee3b66e4e2417fcfd0a6b50d517dedb0dec3256592ba02e6a6642778a21
-MeTTeMJBNc_0,vision,outputs/features/visual/-MeTTeMJBNc_0.npy,50x20,float32,4128,e46c0f83bfd817d60b191695cdd4c4de06c6f3dce2fe7ea58b34ce2997863013
-MeTTeMJBNc_0,text,outputs/features/text/-MeTTeMJBNc_0.npy,50x768,float32,153728,fb018c7244a170abd4ba2df879f9d15e0f8ab793d255ca14fb30c9a761c16f09
-MeTTeMJBNc_13,audio,outputs/features/audio/-MeTTeMJBNc_13.npy,50x25,float32,5128,2643737bae88b9ec007a125c1337bbf798ee2ea54c62f020fc06c77e72b92fea
-MeTTeMJBNc_13,vision,outputs/features/visual/-MeTTeMJBNc_13.npy,50x20,float32,4128,3a9e570d3eeb99c62a13ba0485b368fa7ca1e54d3a979f9f0b4b69fd670d36fb
-MeTTeMJBNc_13,text,outputs/features/text/-MeTTeMJBNc_13.npy,50x768,float32,153728,c1235e6f7051f7e02c6d80f6409697c55d9ff5ecd05af3cf106edb767050d339
-MeTTeMJBNc_7,audio,outputs/features/audio/-MeTTeMJBNc_7.npy,50x25,float32,5128,296273e5d0c434854b3ee3cccd4140798795c87cdbbd42dd1cb41eaf674365bc
-MeTTeMJBNc_7,vision,outputs/features/visual/-MeTTeMJBNc_7.npy,50x20,float32,4128,aca440bd52d2d95b0792e428c72189ace0b9e0c3f19e1f3a904e5a694933d17b
-MeTTeMJBNc_7,text,outputs/features/text/-MeTTeMJBNc_7.npy,50x768,float32,153728,c1d93a1c63a32def55b2bb880294c299ca981d6fab3bf77250bc913fdcc8f49a
-NFrJFQijFE_1,audio,outputs/features/audio/-NFrJFQijFE_1.npy,50x25,float32,5128,09717bbfee48297a4ce546176c7740b0178f7e14ee0e8534def5c2d6dad5d9fc
-NFrJFQijFE_1,vision,outputs/features/visual/-NFrJFQijFE_1.npy,50x20,float32,4128,9f73c8e43d0f047ba0898c3b943d71781ad562f89a5d92a6d35111bc4602ba1e
-NFrJFQijFE_1,text,outputs/features/text/-NFrJFQijFE_1.npy,50x768,float32,153728,ba5ccf22e9df22a92c05870f1419727a2e387276c76f35691172738196746b51
-NFrJFQijFE_2,audio,outputs/features/audio/-NFrJFQijFE_2.npy,50x25,float32,5128,39314bc28479f605844a9c25412755c64979a195e7b7243d50923606bc2bf23e
-NFrJFQijFE_2,vision,outputs/features/visual/-NFrJFQijFE_2.npy,50x20,float32,4128,204d1146d0e042d37bf1b69886bdc581c37dd93ba289016409d11a7a46a1159c
-NFrJFQijFE_2,text,outputs/features/text/-NFrJFQijFE_2.npy,50x768,float32,153728,5c38fd69443d04fcf416ce4cf1ade596883b44f543835e8ee8b655caa20c93d0
-RfYyzHpjk4_11,audio,outputs/features/audio/-RfYyzHpjk4_11.npy,50x25,float32,5128,76c10c89409a1d41377fa7a82d0aec626f421232872c67d39a48b79620ba6e30
-RfYyzHpjk4_11,vision,outputs/features/visual/-RfYyzHpjk4_11.npy,50x20,float32,4128,a37cf52eb4857f59b7704f46d991d6226290af3418658de1abdfe9cd6f17d453
-RfYyzHpjk4_11,text,outputs/features/text/-RfYyzHpjk4_11.npy,50x768,float32,153728,eb9c9b0ea9001f45a190a0a3b2b7f3448ac19c9a5a3ee81ccc8d8a3c7671b0b9
-RfYyzHpjk4_2,audio,outputs/features/audio/-RfYyzHpjk4_2.npy,50x25,float32,5128,21566ea74b4251c95fb685910064fa20d283778701923db34daef320464fd1c1
-RfYyzHpjk4_2,vision,outputs/features/visual/-RfYyzHpjk4_2.npy,50x20,float32,4128,707de1c05176bf4313b7c639ecc1bfcca0d61387c021fb439cfc7912df2057de
-RfYyzHpjk4_2,text,outputs/features/text/-RfYyzHpjk4_2.npy,50x768,float32,153728,693b3f5b456261c51cfe006d31a7ee121cf1f15a362911e765c2fcb69bd471d7
-RfYyzHpjk4_8,audio,outputs/features/audio/-RfYyzHpjk4_8.npy,50x25,float32,5128,3b3171e73f612946176b09a8a168ef962498e603ee95d77f387d6f99c2dcc766
-RfYyzHpjk4_8,vision,outputs/features/visual/-RfYyzHpjk4_8.npy,50x20,float32,4128,4172ed23f552c820aee59c026063de3a654e8fd22bdbfda9e8c85f6aba50fadd
-RfYyzHpjk4_8,text,outputs/features/text/-RfYyzHpjk4_8.npy,50x768,float32,153728,af669fb878011705c11d2c7e8d7e2e864e8e5ca7de5d7609ce969b7327abba6f
-THoVjtIkeU_12,audio,outputs/features/audio/-THoVjtIkeU_12.npy,50x25,float32,5128,1e3d460d0a0411a35354b9f94a1546a9a836f33a02cbcc260566f033ce1485d0
-THoVjtIkeU_12,vision,outputs/features/visual/-THoVjtIkeU_12.npy,50x20,float32,4128,c44810265dbc46ddc4c5405f9d5ec9b0c11d18f3390ed4adbe5369b5e6a81061
-THoVjtIkeU_12,text,outputs/features/text/-THoVjtIkeU_12.npy,50x768,float32,153728,f70d8b0af17f8ce56e1076b89882e83c7569988b9fb38fe2c4426764d25b8449
-THoVjtIkeU_2,audio,outputs/features/audio/-THoVjtIkeU_2.npy,50x25,float32,5128,d5eb1e411155184f0219019a33d50729fe541a3f0bb77249c36ab52d0682e85e
-THoVjtIkeU_2,vision,outputs/features/visual/-THoVjtIkeU_2.npy,50x20,float32,4128,3f86cf59f282dc8eec70b8cbc066c12606099e13029e011fce3ed61b6e9e1db4
-THoVjtIkeU_2,text,outputs/features/text/-THoVjtIkeU_2.npy,50x768,float32,153728,46a75f4056ac762f2b1aa942af72b25f6d6d260cf0e04644cf91f34307425ce1
-THoVjtIkeU_6,audio,outputs/features/audio/-THoVjtIkeU_6.npy,50x25,float32,5128,42279b547205baf9e91e1cef3f6b03a2dbbb8b088ea0dc49c2d6b131faf531a5
-THoVjtIkeU_6,vision,outputs/features/visual/-THoVjtIkeU_6.npy,50x20,float32,4128,4aacc5275c97ddce34f9ac9c811bf848edfe5d7a53b07ef4f8f6a001b6e2054a
-THoVjtIkeU_6,text,outputs/features/text/-THoVjtIkeU_6.npy,50x768,float32,153728,f2455b169efa3ed4808c58a01d28ca8410e3607412e3121fc07a8375acb41804
-UUCSKoHeMA_0,audio,outputs/features/audio/-UUCSKoHeMA_0.npy,50x25,float32,5128,efa2b1720ff2182b8cd7bb184571a427e75ccbb1b39aa9b7713860d3728c91d1
-UUCSKoHeMA_0,vision,outputs/features/visual/-UUCSKoHeMA_0.npy,50x20,float32,4128,9f4ae6d63761fc2ec707aa5e470756def80cf25e4bd1074d0a4d1f27391e1806
-UUCSKoHeMA_0,text,outputs/features/text/-UUCSKoHeMA_0.npy,50x768,float32,153728,a43d82ee2b244f3fd24667b58720ea0a72ea3b6a746fcdb85bfce83114089423
-UacrmKiTn4_10,audio,outputs/features/audio/-UacrmKiTn4_10.npy,50x25,float32,5128,6f35e29006c914d2237896f8c512799bc9835f6530fc89f3ae4b335fc5e49bb8
-UacrmKiTn4_10,vision,outputs/features/visual/-UacrmKiTn4_10.npy,50x20,float32,4128,1675aad18999cfa4ae91ad4b7f527e262cb9aa317fa1b3c0f98b0f29d6ffe830
-UacrmKiTn4_10,text,outputs/features/text/-UacrmKiTn4_10.npy,50x768,float32,153728,e9ed058b127fc00f429207c1bf1f0e4669899c77e71ecfdeb3003508e2d9f416
-UacrmKiTn4_4,audio,outputs/features/audio/-UacrmKiTn4_4.npy,50x25,float32,5128,d19618cc0a71fa3970c871d6fb23b1c45bd651683ba564c9bb9111170ce7548f
-UacrmKiTn4_4,vision,outputs/features/visual/-UacrmKiTn4_4.npy,50x20,float32,4128,04bf16b27b6e8d8c3b131e60c9e485de30a67c06b3017d9428cfe15632c972bf
-UacrmKiTn4_4,text,outputs/features/text/-UacrmKiTn4_4.npy,50x768,float32,153728,8e2006e8871b72bbf5e8ea8abe07ae7ef94ade4e449b726d04d18f78802ade75
-UuX1xuaiiE_0,audio,outputs/features/audio/-UuX1xuaiiE_0.npy,50x25,float32,5128,96a1eb3c54646bbbd0dbb01b4391e7a8045bf018684d5ef4f785d3e36ebcf599
-UuX1xuaiiE_0,vision,outputs/features/visual/-UuX1xuaiiE_0.npy,50x20,float32,4128,58032e08da25343f76fe105541553cc7a43b61aa4a7c1865a7c4d69e1e018658
-UuX1xuaiiE_0,text,outputs/features/text/-UuX1xuaiiE_0.npy,50x768,float32,153728,42deba44b0ca4f33799cd5609cedd236da9573ef0f85fe7d98ca7ee9b23be570
-UuX1xuaiiE_1,audio,outputs/features/audio/-UuX1xuaiiE_1.npy,50x25,float32,5128,89c0f411e261a53f3e23731532bfa1821f347f31965f1b86da9338114aaf47e8
-UuX1xuaiiE_1,vision,outputs/features/visual/-UuX1xuaiiE_1.npy,50x20,float32,4128,7100d656747b2c8fc16242da087bb5122cacdba05b38333c3422ac03e4d22e50
-UuX1xuaiiE_1,text,outputs/features/text/-UuX1xuaiiE_1.npy,50x768,float32,153728,0ee84e9cf5f4f09aaa8388e7028358508c6a831f73e7a46024f2b6847a8723ce
-UuX1xuaiiE_3,audio,outputs/features/audio/-UuX1xuaiiE_3.npy,50x25,float32,5128,a2cb73402d5bd99fc5eeb6c4c69f587274af25196be7b606aa6fab74b2d55d84
-UuX1xuaiiE_3,vision,outputs/features/visual/-UuX1xuaiiE_3.npy,50x20,float32,4128,9e539f9d4f4089752159672bf1c2dba47f0b4a337256fd9f66735e759e690a9d
-UuX1xuaiiE_3,text,outputs/features/text/-UuX1xuaiiE_3.npy,50x768,float32,153728,ab32824464a798e2bf24016c31178f398bf0240c77fc8c3dc5efa629e37955d0
-UuX1xuaiiE_6,audio,outputs/features/audio/-UuX1xuaiiE_6.npy,50x25,float32,5128,1066bf8fbae5695374d79484fe3a6eb3612938a5c3d82bf151394ce46793badb
-UuX1xuaiiE_6,vision,outputs/features/visual/-UuX1xuaiiE_6.npy,50x20,float32,4128,af47fd6f0ddd9fa206282fc32a81ca100debabde7d40bac0c84025f99855fd5f
-UuX1xuaiiE_6,text,outputs/features/text/-UuX1xuaiiE_6.npy,50x768,float32,153728,6e5681da3e39ff8ebe82d0e121dcb5b0e85d3d3c7c69dcf089e6f5c39a5b5de2
-a55Q6RWvTA_3,audio,outputs/features/audio/-a55Q6RWvTA_3.npy,50x25,float32,5128,33389827296c513e77193e5c702a4174f38f108e7a8c361a1cc297ff51f544ab
-a55Q6RWvTA_3,vision,outputs/features/visual/-a55Q6RWvTA_3.npy,50x20,float32,4128,0e27308b198355792e59ac522c892b9deae2ea5d549c3c1071f669fe80817c72
-a55Q6RWvTA_3,text,outputs/features/text/-a55Q6RWvTA_3.npy,50x768,float32,153728,0ee7d9e8eb51bf4423ca82dd39237f265e94642f9b9b79dcbcd1cf37c4600e9b
-aNfi7CP8vM_7,audio,outputs/features/audio/-aNfi7CP8vM_7.npy,50x25,float32,5128,ae1fa19d2b4671b359861ef912b4f872c12ae6aea3b7673595fc53ef467ea1e0
-aNfi7CP8vM_7,vision,outputs/features/visual/-aNfi7CP8vM_7.npy,50x20,float32,4128,8702d6edeeb3f59ef6ec3b090d58168b4365dbcab19fba298cc02367cfed3fff
-aNfi7CP8vM_7,text,outputs/features/text/-aNfi7CP8vM_7.npy,50x768,float32,153728,0efe2fc77b46b1e61e6c29ed5c102ff6bb008b5dffc36cce4af47dc4378a46b2
-aqamKhZ1Ec_0,audio,outputs/features/audio/-aqamKhZ1Ec_0.npy,50x25,float32,5128,b6577bc35cd67915ae75d5bb96d65dcab33317408b0f941b5a84f27b2b01af3b
-aqamKhZ1Ec_0,vision,outputs/features/visual/-aqamKhZ1Ec_0.npy,50x20,float32,4128,6589e1952070890e0a0a2a8b5989d35230678146464aabc9918fac94daba7f7c
-aqamKhZ1Ec_0,text,outputs/features/text/-aqamKhZ1Ec_0.npy,50x768,float32,153728,7f916a8702d911fbb182a8c514b87231a7aaee2cabef4f465023142f697a324f
-dxfTGcXJoc_0,audio,outputs/features/audio/-dxfTGcXJoc_0.npy,50x25,float32,5128,06bc3ec627dfc9c08c3b35adbb95c4ee5eb1404e79afca65001787d796dd23ac
-dxfTGcXJoc_0,vision,outputs/features/visual/-dxfTGcXJoc_0.npy,50x20,float32,4128,c53207daa9731ffe40f7d09e01e06ac942208a81ac8a5e64f7684e390b3caa9f
-dxfTGcXJoc_0,text,outputs/features/text/-dxfTGcXJoc_0.npy,50x768,float32,153728,bf0ed7f2670cc5ceb24cec04ccc6afeb4cfb8281f99bfe968171030309aa7088
-dxfTGcXJoc_1,audio,outputs/features/audio/-dxfTGcXJoc_1.npy,50x25,float32,5128,ee0eccff38d84507db0c5bc192c9ac580ff0ae9b1b6ece8d44add4ea6e345b2d
-dxfTGcXJoc_1,vision,outputs/features/visual/-dxfTGcXJoc_1.npy,50x20,float32,4128,6819c1e67c27a619e241a0d9956bd5cd7e79d4231a673f2b8b1469a9534118ad
-dxfTGcXJoc_1,text,outputs/features/text/-dxfTGcXJoc_1.npy,50x768,float32,153728,a1808e811b147016ab725c98dd0a639bdd95b7b94815de398fa04fa85c38d1ae
-dxfTGcXJoc_2,audio,outputs/features/audio/-dxfTGcXJoc_2.npy,50x25,float32,5128,56aab98f33652173f9714554f82e28cb0f73ee33c825794b51b4d7b91f719890
-dxfTGcXJoc_2,vision,outputs/features/visual/-dxfTGcXJoc_2.npy,50x20,float32,4128,9f9e61abb7922bdd5f1718d24ef2e0ee6c8f420002ed6de8dd7780b5f87bd796
-dxfTGcXJoc_2,text,outputs/features/text/-dxfTGcXJoc_2.npy,50x768,float32,153728,291d2d82cbab02b6ba60c0383546b0646e90bcedc430bb8aaf28860039cadb83
-dxfTGcXJoc_6,audio,outputs/features/audio/-dxfTGcXJoc_6.npy,50x25,float32,5128,8c40a9025c9aa5821239c28ff53b1be26f775d85480c3b381bbab0bc43bd1336
-dxfTGcXJoc_6,vision,outputs/features/visual/-dxfTGcXJoc_6.npy,50x20,float32,4128,9ee9b6c424037f42f0f5d0013266b8ed6da2f3a944dd2cefaedc284c61995619
-dxfTGcXJoc_6,text,outputs/features/text/-dxfTGcXJoc_6.npy,50x768,float32,153728,76a018aed514f6c64873884dd8a9a05af9923a2225ef6f350770c7fb6198cc21
-egA8-b7-3M_1,audio,outputs/features/audio/-egA8-b7-3M_1.npy,50x25,float32,5128,1e4e9b29f923332d1faeea9e9e23862a759f8f7edc3046a863f0d72c82d938b3
-egA8-b7-3M_1,vision,outputs/features/visual/-egA8-b7-3M_1.npy,50x20,float32,4128,6541bba7a779ff6c0a041ebc3b24e6047fce2e48af97cc591a9971c17ef61034
-egA8-b7-3M_1,text,outputs/features/text/-egA8-b7-3M_1.npy,50x768,float32,153728,a0a79fb5afe9e3dd309057fbe42108a16d35fee72eda48603407c1c7699b56a8
-egA8-b7-3M_13,audio,outputs/features/audio/-egA8-b7-3M_13.npy,50x25,float32,5128,ee8273e4a58ab737b6d1962502acdb74e871edc25b5a491a7e71601e2343c1cd
-egA8-b7-3M_13,vision,outputs/features/visual/-egA8-b7-3M_13.npy,50x20,float32,4128,4a0444b066a6d9553e34dd3a6b6dca1219117a58b5a1adac54e523122c39c08a
-egA8-b7-3M_13,text,outputs/features/text/-egA8-b7-3M_13.npy,50x768,float32,153728,f67eb8ce23fc967f03b5f8138e500abb475b30848e514ea9cab92fa11283438a
-egA8-b7-3M_16,audio,outputs/features/audio/-egA8-b7-3M_16.npy,50x25,float32,5128,0fee3fb0d789b90428106a246bf8cb397a94bd2ee7fa4af38d7efba69d8d9e3b
-egA8-b7-3M_16,vision,outputs/features/visual/-egA8-b7-3M_16.npy,50x20,float32,4128,d430c0d153dd9a31a616735999c720c25705e2dbe43a595f9ba6bf73c0a05198
-egA8-b7-3M_16,text,outputs/features/text/-egA8-b7-3M_16.npy,50x768,float32,153728,be0cb2ab21b15b7bfdf77a68481c155b8d67b703f314fb1d5d18bcb1135d5879
-egA8-b7-3M_17,audio,outputs/features/audio/-egA8-b7-3M_17.npy,50x25,float32,5128,13cc172753480a42df4c128c97dbdef197c6ca55ef0da4e2e1f154df4ae26e28
-egA8-b7-3M_17,vision,outputs/features/visual/-egA8-b7-3M_17.npy,50x20,float32,4128,be9a959f48175bcb10c7632af8aad42c36fc0b1b062efcc1425b55e4458d912c
-egA8-b7-3M_17,text,outputs/features/text/-egA8-b7-3M_17.npy,50x768,float32,153728,15ea866357b4c8148c251a7ca5ab261fd222283175856349b89c3683ad13136b
-egA8-b7-3M_18,audio,outputs/features/audio/-egA8-b7-3M_18.npy,50x25,float32,5128,e1867cddea5cf76a96d1fc441dd536a515277668ad36e223d0d4e6488c3e7639
-egA8-b7-3M_18,vision,outputs/features/visual/-egA8-b7-3M_18.npy,50x20,float32,4128,7613d1b2fa164f7310e65afa3e0f68f061341bdb02268ec500888456982c1a94
-egA8-b7-3M_18,text,outputs/features/text/-egA8-b7-3M_18.npy,50x768,float32,153728,69803a8e99b51cd50de4e760d3443fcbfb0dadf9b10ff4262d084d2443525a10
-egA8-b7-3M_20,audio,outputs/features/audio/-egA8-b7-3M_20.npy,50x25,float32,5128,3a6aa1b528ad7ed4f6913eef794b94608669e35190b21375a75b8df39258101c
-egA8-b7-3M_20,vision,outputs/features/visual/-egA8-b7-3M_20.npy,50x20,float32,4128,8ebb0d227d197662975668ce7e59afbe5f8bf588d2d857fbc78c07f43462bbab
-egA8-b7-3M_20,text,outputs/features/text/-egA8-b7-3M_20.npy,50x768,float32,153728,eb66685409d6a026eed8a8233400ea11f52ad5600d1c1e2b5d185524d39b3531
-egA8-b7-3M_26,audio,outputs/features/audio/-egA8-b7-3M_26.npy,50x25,float32,5128,017cb751348fe40dac7e77fcfd0185d0d71b7874790776d0cb7e8a463c54cf54
-egA8-b7-3M_26,vision,outputs/features/visual/-egA8-b7-3M_26.npy,50x20,float32,4128,f1a0a5936b7ca3174f15f728b4a4db82f36e3d87016946acbc979f030d026137
-egA8-b7-3M_26,text,outputs/features/text/-egA8-b7-3M_26.npy,50x768,float32,153728,d8a311fb510a88c383ba8000d9f507ce02d4ec2a3bfa04b6a4e0b81d5bddf951
-egA8-b7-3M_6,audio,outputs/features/audio/-egA8-b7-3M_6.npy,50x25,float32,5128,639c169e576ff8865e0ef2b3acd0feac24bc7082bfd77ba9f8aeeec78a42877c
-egA8-b7-3M_6,vision,outputs/features/visual/-egA8-b7-3M_6.npy,50x20,float32,4128,4ee95ce44f297dfe35f908ee054ac3ee998abc1e7bfa246773422702c340d499
-egA8-b7-3M_6,text,outputs/features/text/-egA8-b7-3M_6.npy,50x768,float32,153728,f46129b6b4e33f982370f9336cec1ab8ba0dd6fb75d39e59f3df775756b98dea
-egA8-b7-3M_9,audio,outputs/features/audio/-egA8-b7-3M_9.npy,50x25,float32,5128,393403c1e2258c772c0c5f9e25b0054221e8da1247ec8ef95d979e65a50cc68e
-egA8-b7-3M_9,vision,outputs/features/visual/-egA8-b7-3M_9.npy,50x20,float32,4128,ac11adf23d3d91af611cc93e43c13aa24fab556f21b31526c01672c463f51bb0
-egA8-b7-3M_9,text,outputs/features/text/-egA8-b7-3M_9.npy,50x768,float32,153728,eb589dcb071dd6247949ac38d1e3bfdd035ca56081e06fcea2d9ff58872f782d
-hnBHBN8p5A_6,audio,outputs/features/audio/-hnBHBN8p5A_6.npy,50x25,float32,5128,7aee7f853883e7c73a3599cf4ece4ecc8155cf5cd6f0ae76b2690acace3c20e3
-hnBHBN8p5A_6,vision,outputs/features/visual/-hnBHBN8p5A_6.npy,50x20,float32,4128,1707c217203ab77ea486db0bcd59006b17540743270f98ce09f6cb9d090cdc0a
-hnBHBN8p5A_6,text,outputs/features/text/-hnBHBN8p5A_6.npy,50x768,float32,153728,a26cd29a0bcb54fc579dc63d17ddd6e336cfd22437ffbf0cd8cba381aaa4aa87
-hnBHBN8p5A_7,audio,outputs/features/audio/-hnBHBN8p5A_7.npy,50x25,float32,5128,d147bba7b71a59a082fcae15f98e74199d0de8793cf9afeadba4c1946036522b
-hnBHBN8p5A_7,vision,outputs/features/visual/-hnBHBN8p5A_7.npy,50x20,float32,4128,02afe8c0a0294a963d80a7e8967c9306eef09701d284eda38497155fed09288e
-hnBHBN8p5A_7,text,outputs/features/text/-hnBHBN8p5A_7.npy,50x768,float32,153728,3d6464bacd73d165aa9ff6c9928dae3dd09ca2b3687beb753da462269078a0b9
-iRBcNs9oI8_3,audio,outputs/features/audio/-iRBcNs9oI8_3.npy,50x25,float32,5128,8b1ca54e51e22db93efcfe5a2322b4c51defb092f7eade2931546d4615245176
-iRBcNs9oI8_3,vision,outputs/features/visual/-iRBcNs9oI8_3.npy,50x20,float32,4128,020d9ddaf9a27b5bd266731b016b379effb05fb5f108ce80688f67de09eb5754
-iRBcNs9oI8_3,text,outputs/features/text/-iRBcNs9oI8_3.npy,50x768,float32,153728,08885b09367305a001ff589f05f5b20af2639da59d937aee3f0180e0918b870d
-iRBcNs9oI8_6,audio,outputs/features/audio/-iRBcNs9oI8_6.npy,50x25,float32,5128,2188be58d3b42ac1beb1f4c8e68936d58ed0903586b3f84f102a0f54b5e3f561
-iRBcNs9oI8_6,vision,outputs/features/visual/-iRBcNs9oI8_6.npy,50x20,float32,4128,f8fbac8201f33c09119bc0317c6d4bbf31da80a30822b91fb70cec40a9d7805e
-iRBcNs9oI8_6,text,outputs/features/text/-iRBcNs9oI8_6.npy,50x768,float32,153728,d00e7d73fce149f1965935df0ece2c7f38c4ac39f48180d6c36c3c7f33cbca8f
-iRBcNs9oI8_7,audio,outputs/features/audio/-iRBcNs9oI8_7.npy,50x25,float32,5128,e4905def125445756e6debb4abb0c475a8b197051fd725088a9e68fa3ac6cdf8
-iRBcNs9oI8_7,vision,outputs/features/visual/-iRBcNs9oI8_7.npy,50x20,float32,4128,50d5dd31287b3c4752229bcdd82438fa483bc936d4805d3a1dc2aca5a2f2fe6c
-iRBcNs9oI8_7,text,outputs/features/text/-iRBcNs9oI8_7.npy,50x768,float32,153728,582bb5c0dee998a8ddb65309c08d7f9c1863233407c5f9efc89f188450fd3d54
-iRBcNs9oI8_8,audio,outputs/features/audio/-iRBcNs9oI8_8.npy,50x25,float32,5128,8fccd3b41ef2623723d11d24ac0a61beb1941d5b4347e3b99d4f5b1969a8282d
-iRBcNs9oI8_8,vision,outputs/features/visual/-iRBcNs9oI8_8.npy,50x20,float32,4128,bc723c01246114b2ca3472b7c904e64ae5c779045ae70a42bde08e84a6094733
-iRBcNs9oI8_8,text,outputs/features/text/-iRBcNs9oI8_8.npy,50x768,float32,153728,8e2671ef90fae956c5a91771c318fbd5a5e64411f7428c54c8ea50a94fa0042a
-iRBcNs9oI8_9,audio,outputs/features/audio/-iRBcNs9oI8_9.npy,50x25,float32,5128,b5d8859b0c2ba5ad8940cc4f9907facc8b7c0e330a662128f13e13c249620502
-iRBcNs9oI8_9,vision,outputs/features/visual/-iRBcNs9oI8_9.npy,50x20,float32,4128,e14a8a17f58c012c3ea663138b5458bc681c377130a1786f43c8586bf48e4674
-iRBcNs9oI8_9,text,outputs/features/text/-iRBcNs9oI8_9.npy,50x768,float32,153728,0db1d635888bdf8f6c86ab45b4dc24fc352c45d1afc12e1a244a256859286ee1
-lzEya4AM_4_5,audio,outputs/features/audio/-lzEya4AM_4_5.npy,50x25,float32,5128,a327fca706674c02c94bcd96d8fe72bfca22ee3b450d75921e5a7efa1f3df2ff
-lzEya4AM_4_5,vision,outputs/features/visual/-lzEya4AM_4_5.npy,50x20,float32,4128,f36124da2264a41b4985870118b5fd703afe681a97fa0f9437ff2ac6cfbf5997
-lzEya4AM_4_5,text,outputs/features/text/-lzEya4AM_4_5.npy,50x768,float32,153728,19f460c27e93ac2a1f2dfb991ecc916a134809c369b741d0a12bdfc2ee7dee20
-lzEya4AM_4_6,audio,outputs/features/audio/-lzEya4AM_4_6.npy,50x25,float32,5128,62876caebc6914611149bba372220c2d3c7bfc4669498828fccb9125fa43dc46
-lzEya4AM_4_6,vision,outputs/features/visual/-lzEya4AM_4_6.npy,50x20,float32,4128,52414d93780c2a556a10076486b27c8cf3f7d15de5b70956b87e6af1037a2ce0
-lzEya4AM_4_6,text,outputs/features/text/-lzEya4AM_4_6.npy,50x768,float32,153728,232fc65e1ad57b55b22e98969250a6a7ba9297aa0529b24e76a274c004c433fb
-mJ2ud6oKI8_1,audio,outputs/features/audio/-mJ2ud6oKI8_1.npy,50x25,float32,5128,7932a8d80546917eefba3cd05553c4b5a841d20450a5eeb7964df0e06b55bf0a
-mJ2ud6oKI8_1,vision,outputs/features/visual/-mJ2ud6oKI8_1.npy,50x20,float32,4128,6ff2e3d26d84bf46d9f9e3e19debaa7d3ed6c21af4a152d0a24c3053a5c4656b
-mJ2ud6oKI8_1,text,outputs/features/text/-mJ2ud6oKI8_1.npy,50x768,float32,153728,aa819d08604c2e14084952d6a1df403c8a0bd336666dff6352d6e927c0c8a049
-mJ2ud6oKI8_2,audio,outputs/features/audio/-mJ2ud6oKI8_2.npy,50x25,float32,5128,cf811d8c1c25228dabb8502e31658f53b525b9d2285b27cd8d4a157c3c256969
-mJ2ud6oKI8_2,vision,outputs/features/visual/-mJ2ud6oKI8_2.npy,50x20,float32,4128,dfe11bf2c9c97e5c1b764f7f8aeeb9d91b880d36bc6dc6995dc823d54679de93
-mJ2ud6oKI8_2,text,outputs/features/text/-mJ2ud6oKI8_2.npy,50x768,float32,153728,b82a42b38efac1ebdb7215035d44aee7d4aa76128cab18dad6157a357bca861b
-mJ2ud6oKI8_6,audio,outputs/features/audio/-mJ2ud6oKI8_6.npy,50x25,float32,5128,5083c72bae5e3350b7e8144ecfae0defcfdd9a629a31012c1a063ff5c30cc019
-mJ2ud6oKI8_6,vision,outputs/features/visual/-mJ2ud6oKI8_6.npy,50x20,float32,4128,a85a6b8580e7484b2da63e3f46b1bbc64e67247a798c5d4555619794639a9c86
-mJ2ud6oKI8_6,text,outputs/features/text/-mJ2ud6oKI8_6.npy,50x768,float32,153728,ed59610c645e096865fd6512f8ea2481d924d7ad5fa92554b18c06ba48c2e95b
-mJ2ud6oKI8_8,audio,outputs/features/audio/-mJ2ud6oKI8_8.npy,50x25,float32,5128,d25ed91cb773d192cc165a75f3aab3cd2a9d5990c333666332f796bd675af0a2
-mJ2ud6oKI8_8,vision,outputs/features/visual/-mJ2ud6oKI8_8.npy,50x20,float32,4128,fe1d9873a348511a3ddeef0141860c7a706eee033731ed432aee6429f2131a51
-mJ2ud6oKI8_8,text,outputs/features/text/-mJ2ud6oKI8_8.npy,50x768,float32,153728,1ee45b7596d29909ed213b878577716101bf0b3570cffbfaeeec3b23d917cc6b
-mJ2ud6oKI8_9,audio,outputs/features/audio/-mJ2ud6oKI8_9.npy,50x25,float32,5128,306380f2a52446310cbe1f6f15e6ff4d1fadb48ee92a2ebd1287962300cda231
-mJ2ud6oKI8_9,vision,outputs/features/visual/-mJ2ud6oKI8_9.npy,50x20,float32,4128,b8566e41712f529e29afe6534b7c999f6bab7c35172e5238c311c934b104194e
-mJ2ud6oKI8_9,text,outputs/features/text/-mJ2ud6oKI8_9.npy,50x768,float32,153728,f6fce084f113cc63df385e28ea323926358939aa9952034e5cfbdf58f0966bcc
-mqbVkbCndg_0,audio,outputs/features/audio/-mqbVkbCndg_0.npy,50x25,float32,5128,e6a8ff172a513c3c0e184398faeffd4bd88278a9139eac827e0c45f4f8fc465a
-mqbVkbCndg_0,vision,outputs/features/visual/-mqbVkbCndg_0.npy,50x20,float32,4128,7091a11ce40a5e8a0c722f7694b9620faacd6478cc3133277d0cc0e811eb2618
-mqbVkbCndg_0,text,outputs/features/text/-mqbVkbCndg_0.npy,50x768,float32,153728,4873fe1c7f81ddd992f9126ae5983251f934cc96c35177742d32d3a4a5c8796d
-qDkUB0GgYY_6,audio,outputs/features/audio/-qDkUB0GgYY_6.npy,50x25,float32,5128,b66e305c6e0e56b87b76d63e7526177aee3631711dc5ec6bbcf9b8dd8b111071
-qDkUB0GgYY_6,vision,outputs/features/visual/-qDkUB0GgYY_6.npy,50x20,float32,4128,b5a24def683659768a0b868d66cca1f72dbc243427139bb2c12a0572a9b6ca20
-qDkUB0GgYY_6,text,outputs/features/text/-qDkUB0GgYY_6.npy,50x768,float32,153728,f78101e9e3b6b017f29f4094354eb117f058d47e4c30985b7fb1e89d7ac76660
-ri04Z7vwnc_0,audio,outputs/features/audio/-ri04Z7vwnc_0.npy,50x25,float32,5128,c5e7db40f5ffc1f94e81e26a642f143144715c6f26f38f7e440959861ab30fd0
-ri04Z7vwnc_0,vision,outputs/features/visual/-ri04Z7vwnc_0.npy,50x20,float32,4128,66e094366312cc226493f7ecaa8e28646d0a89f87ac1c6cec5fd5423bcf27f03
-ri04Z7vwnc_0,text,outputs/features/text/-ri04Z7vwnc_0.npy,50x768,float32,153728,35b285660ceccc76647e6b172f43e4ad68a5658f041726ee3bfa542dff3baa24
-ri04Z7vwnc_2,audio,outputs/features/audio/-ri04Z7vwnc_2.npy,50x25,float32,5128,ea23fe5a807764d6b362a7daf7a4b30401144f6de764232c37f5573a9a974663
-ri04Z7vwnc_2,vision,outputs/features/visual/-ri04Z7vwnc_2.npy,50x20,float32,4128,762ed06caa73dd8123079708ee2c800931abc2fada2795474933b8019242990a
-ri04Z7vwnc_2,text,outputs/features/text/-ri04Z7vwnc_2.npy,50x768,float32,153728,354240d170979735e07631caa96548a99bd78e1ad2e5864277698199e873b36a
-ri04Z7vwnc_5,audio,outputs/features/audio/-ri04Z7vwnc_5.npy,50x25,float32,5128,3b8cffb42577d3c642628479df1d45e55e0c6b0f5746391591882e91a18578d7
-ri04Z7vwnc_5,vision,outputs/features/visual/-ri04Z7vwnc_5.npy,50x20,float32,4128,6fe51773945eb04c3c7dad23407e56dabf5fbf28c03c1767012fb2a55adb4a83
-ri04Z7vwnc_5,text,outputs/features/text/-ri04Z7vwnc_5.npy,50x768,float32,153728,4257da8ab2677c40da1891bb68fe36e564fb6b5a6775fbf2779de272d19e6cc0
-s9qJ7ATP7w_0,audio,outputs/features/audio/-s9qJ7ATP7w_0.npy,50x25,float32,5128,9913cfa9d818c4d124cf550e4c4634da37bd820a62327b07a0ab6caf740477f5
-s9qJ7ATP7w_0,vision,outputs/features/visual/-s9qJ7ATP7w_0.npy,50x20,float32,4128,a04e4cd2eed14815b0759b6336f5fddd18bc3656be5690e0d8e1addf804e318f
-s9qJ7ATP7w_0,text,outputs/features/text/-s9qJ7ATP7w_0.npy,50x768,float32,153728,7f0023577003c7346a2bfc5706da188d572a82d02ba65eea0cb81f887edcb07c
-s9qJ7ATP7w_1,audio,outputs/features/audio/-s9qJ7ATP7w_1.npy,50x25,float32,5128,2291ecea2e3c698ea36bbf3737791c7fc31eb4e53142290f091d93203ee37fe0
-s9qJ7ATP7w_1,vision,outputs/features/visual/-s9qJ7ATP7w_1.npy,50x20,float32,4128,55f60ef5aa4325d44ffa21492f0a0177b21295f0de9f1a8c68757a92a28db648
-s9qJ7ATP7w_1,text,outputs/features/text/-s9qJ7ATP7w_1.npy,50x768,float32,153728,736b05bc156f245d4ef334366ba6cadcf4dea30b81c66a08fc45286aa8bd32da
-s9qJ7ATP7w_4,audio,outputs/features/audio/-s9qJ7ATP7w_4.npy,50x25,float32,5128,9fe9d871da85e7764efa8ac6f511875ee1d7b993050f1e5f655f025a82a094fb
-s9qJ7ATP7w_4,vision,outputs/features/visual/-s9qJ7ATP7w_4.npy,50x20,float32,4128,92ff62bbecc6f7cb9a30171e68c242cdcc34b32620dcd372b2aff317eef0d600
-s9qJ7ATP7w_4,text,outputs/features/text/-s9qJ7ATP7w_4.npy,50x768,float32,153728,0551a56055a777537f212975a0cf10984f41180b652792d6e9b70fb745616821
-s9qJ7ATP7w_5,audio,outputs/features/audio/-s9qJ7ATP7w_5.npy,50x25,float32,5128,cf32312216dfe842f99d9ced2739a088c8008042b70991d42b1867ae48e5e705
-s9qJ7ATP7w_5,vision,outputs/features/visual/-s9qJ7ATP7w_5.npy,50x20,float32,4128,ad2b6a574fcff7ca8db5459ad9518b3c53794f0945c3602ee4b740d083317c05
-s9qJ7ATP7w_5,text,outputs/features/text/-s9qJ7ATP7w_5.npy,50x768,float32,153728,838636aba2487372139f5249fce9084fe38f5f3ae874eb374c949a3b98573921
-s9qJ7ATP7w_6,audio,outputs/features/audio/-s9qJ7ATP7w_6.npy,50x25,float32,5128,4df0517c47179ed609ad79102f67085e7c601ff2e90189d768e2d1e670c0e600
-s9qJ7ATP7w_6,vision,outputs/features/visual/-s9qJ7ATP7w_6.npy,50x20,float32,4128,6695a1185ea8b74e3f10169eaa138c16e7c4069f35ddf2732432b90c53c907cd
-s9qJ7ATP7w_6,text,outputs/features/text/-s9qJ7ATP7w_6.npy,50x768,float32,153728,b0c8b85a43afbfa466f04d78685122f24e5d8cfa34a640d4bd184bb667eb2cc0
-s9qJ7ATP7w_7,audio,outputs/features/audio/-s9qJ7ATP7w_7.npy,50x25,float32,5128,6cb495d01a3061e46385b1425405d19e02193cd76e6185c4404843bda3b8e7da
-s9qJ7ATP7w_7,vision,outputs/features/visual/-s9qJ7ATP7w_7.npy,50x20,float32,4128,b42bd4a46cdc9be963f0b5f2f7ad88549e221401a340b97e62d42ae3bdd0ac46
-s9qJ7ATP7w_7,text,outputs/features/text/-s9qJ7ATP7w_7.npy,50x768,float32,153728,e485326bd588d9c2973b16ec422ae78d76a6fcf4614250665924331b99341a14
-s9qJ7ATP7w_8,audio,outputs/features/audio/-s9qJ7ATP7w_8.npy,50x25,float32,5128,119eae990dd0946135f25462edd62eabe1a8391604716035a7907824df08c00f
-s9qJ7ATP7w_8,vision,outputs/features/visual/-s9qJ7ATP7w_8.npy,50x20,float32,4128,3397088fe0a6152ceed5d8dc735021bfdf4a25a7ee55cfb7a21f6c9a31b53c18
-s9qJ7ATP7w_8,text,outputs/features/text/-s9qJ7ATP7w_8.npy,50x768,float32,153728,94df515251366350779a48074acd9cb725c8a8576d8264430a55f01f7d5bedc0
-t217m2on-s_2,audio,outputs/features/audio/-t217m2on-s_2.npy,50x25,float32,5128,a15c93154d9c63f076ba53d4887317c33e8c632dac0b28e1b7d2aec3684d3a7e
-t217m2on-s_2,vision,outputs/features/visual/-t217m2on-s_2.npy,50x20,float32,4128,26f36266fb69d63487484ddf1a85d9277f06f993e030941b1a84f3b1f93563d7
-t217m2on-s_2,text,outputs/features/text/-t217m2on-s_2.npy,50x768,float32,153728,868478f30e685814e4477c1a4b23c5301f7374f129c54cb9546ee5dab47a6e12
-t217m2on-s_7,audio,outputs/features/audio/-t217m2on-s_7.npy,50x25,float32,5128,ca8b935e20e83bfbcb8ffe755625aa39ad5b7ef7565e0754d6957ed05c00b2f7
-t217m2on-s_7,vision,outputs/features/visual/-t217m2on-s_7.npy,50x20,float32,4128,ca91aa66c776533087bbbb52f79ca127a8c065e5f24251e033221f9678cc67e9
-t217m2on-s_7,text,outputs/features/text/-t217m2on-s_7.npy,50x768,float32,153728,d314fbc014b3bd07f1dc2bd5b4575c6c05941f3b2e5a987fd6b9e8e07d965ce0
-tANM6ETl_M_3,audio,outputs/features/audio/-tANM6ETl_M_3.npy,50x25,float32,5128,728d99f412d7d4eb843fc2f413ff49d6f71706078becd78193fbf2a8c55b9b84
-tANM6ETl_M_3,vision,outputs/features/visual/-tANM6ETl_M_3.npy,50x20,float32,4128,3f1fdc18e6e44e5dec214582e10809acc7b20cf86fa2b0cfabf64e315fc55501
-tANM6ETl_M_3,text,outputs/features/text/-tANM6ETl_M_3.npy,50x768,float32,153728,07acbaf4a173b3f6db3011d2eba8e94b31cd8689b072ffa2b3a83072291c23c7
-tPCytz4rww_10,audio,outputs/features/audio/-tPCytz4rww_10.npy,50x25,float32,5128,a7bd89b287c81a4cd365b19fb791c287dff4a3ba27b6bd8c95e45524e423bd43
-tPCytz4rww_10,vision,outputs/features/visual/-tPCytz4rww_10.npy,50x20,float32,4128,85681c21ec01a43bfb95685067559d685139c9cf6b49c572bc8fba4ad6a893e8
-tPCytz4rww_10,text,outputs/features/text/-tPCytz4rww_10.npy,50x768,float32,153728,e16cbe4f67fb821fd15edf735c41895ec2d1d0ac221eab8ea7cc194dff386cea
-tPCytz4rww_11,audio,outputs/features/audio/-tPCytz4rww_11.npy,50x25,float32,5128,a59f39086eea4983fb33ec3d298d354debf1befd16e4c0fe9b2ca521b5d9245b
-tPCytz4rww_11,vision,outputs/features/visual/-tPCytz4rww_11.npy,50x20,float32,4128,526d91f215b631316ed055d13f4c92ce53284e42a076611fc24ea7de65771443
-tPCytz4rww_11,text,outputs/features/text/-tPCytz4rww_11.npy,50x768,float32,153728,d0ef2d413c82b2ec882eeb126a034b3a75c2219393587ad53daa33921e730539
-tPCytz4rww_12,audio,outputs/features/audio/-tPCytz4rww_12.npy,50x25,float32,5128,bb19d13aee61eb70823b0b2140abb87bde709373a64484b8bab0fc39e69738fb
-tPCytz4rww_12,vision,outputs/features/visual/-tPCytz4rww_12.npy,50x20,float32,4128,2c45af275fcf4a3ec00f537ebd4f7e19b9523ccbac808e3d375dae17e69c8efa
-tPCytz4rww_12,text,outputs/features/text/-tPCytz4rww_12.npy,50x768,float32,153728,6bffdb16cdcd3020e19b3968875977c6749149f9d4620a75f83b004e8d45cbfd
-tPCytz4rww_16,audio,outputs/features/audio/-tPCytz4rww_16.npy,50x25,float32,5128,3eacf405eaa2fa4e7bcbf3385e530005c036685ea2754ae0ab0324f3770b14f5
-tPCytz4rww_16,vision,outputs/features/visual/-tPCytz4rww_16.npy,50x20,float32,4128,c5d9598907a8e8d43633003c7840896de3559df5e184c2b85f213435fbad2f52
-tPCytz4rww_16,text,outputs/features/text/-tPCytz4rww_16.npy,50x768,float32,153728,d3379b1f3bba3756fd28cf12090854389d2fe394bdecd21af0995bd38e0d3cc0
-tPCytz4rww_18,audio,outputs/features/audio/-tPCytz4rww_18.npy,50x25,float32,5128,7bebd5f90e2487cb768200389afd24160ac9738aad09d023961a511f416a1743
-tPCytz4rww_18,vision,outputs/features/visual/-tPCytz4rww_18.npy,50x20,float32,4128,7448dbb14bc5520f424be3f881179da845de160f356d160aa7aa6e337c43ea07
-tPCytz4rww_18,text,outputs/features/text/-tPCytz4rww_18.npy,50x768,float32,153728,217ea94bc5ed597f0c176dafe8e4e66bc96a073a9faec5b918cae7caf6e757a3
-uywlfIYOS8_4,audio,outputs/features/audio/-uywlfIYOS8_4.npy,50x25,float32,5128,bac794a670e421ecd4751de64aa4d5d708d4f908577df6240579fa71a5c4e74a
-uywlfIYOS8_4,vision,outputs/features/visual/-uywlfIYOS8_4.npy,50x20,float32,4128,d31fb1f8dfb2a3be2dfb0db2a133a79338ef3408dcd5362efca4332447efb720
-uywlfIYOS8_4,text,outputs/features/text/-uywlfIYOS8_4.npy,50x768,float32,153728,8cdf7ffaf9a1cc77f7865fade3278ae7e6314aa07389f2cdb469f29b0aa948d3
-vxjVxOeScU_4,audio,outputs/features/audio/-vxjVxOeScU_4.npy,50x25,float32,5128,94ae3425ae196e473fda3dd9b24b73d12fb1fc493280fc3e0dd69f7e848d526d
-vxjVxOeScU_4,vision,outputs/features/visual/-vxjVxOeScU_4.npy,50x20,float32,4128,fdcbc6737fdec8affda8ccb1456f5eb334e2650d4272e7615fb00d7e9c480563
-vxjVxOeScU_4,text,outputs/features/text/-vxjVxOeScU_4.npy,50x768,float32,153728,06f546624d84576cbc650cfe9fc67c234496330dabc4688896d752cd3f68e73c
-wMB_hJL-3o_7,audio,outputs/features/audio/-wMB_hJL-3o_7.npy,50x25,float32,5128,d388e0028cf283273138adf9f0972008baf80d4cd382eae0c98bb9346fb20be8
-wMB_hJL-3o_7,vision,outputs/features/visual/-wMB_hJL-3o_7.npy,50x20,float32,4128,aa2ec8da53321959d8d1b90bca140ec5fa1581334af7cf208bf439bb93c28d0a
-wMB_hJL-3o_7,text,outputs/features/text/-wMB_hJL-3o_7.npy,50x768,float32,153728,db4a6138bdba48b86c323653c2dcc755adc530bbc3f481cfe28346bb691eeab8
-wny0OAz3g8_0,audio,outputs/features/audio/-wny0OAz3g8_0.npy,50x25,float32,5128,11b532d3c102275c093f23ebe4b1b406a852cb024b051b469b165888d2d0dcdd
-wny0OAz3g8_0,vision,outputs/features/visual/-wny0OAz3g8_0.npy,50x20,float32,4128,f29c23fea94244f7fc411b669d3e21f603a140f91fdab0f1af7122fc3f5cae23
-wny0OAz3g8_0,text,outputs/features/text/-wny0OAz3g8_0.npy,50x768,float32,153728,88bf94f1b831cdc6ab8b7689ff943c2774cbe58986d0c05188be69d7048f3d06
-wny0OAz3g8_1,audio,outputs/features/audio/-wny0OAz3g8_1.npy,50x25,float32,5128,8753b57f1c3e77086337df4c03cdfe6fbc8a3f2c3a76774bdccb4628c4d055f1
-wny0OAz3g8_1,vision,outputs/features/visual/-wny0OAz3g8_1.npy,50x20,float32,4128,6546867622c95a959aa94cacea9102eefb1365253311272d86e06d2480c08453
-wny0OAz3g8_1,text,outputs/features/text/-wny0OAz3g8_1.npy,50x768,float32,153728,bc647a6b43a94be41b00ffe0c7df4033f54e1b647dbe1cbb638ac39d2795a00d
-wny0OAz3g8_2,audio,outputs/features/audio/-wny0OAz3g8_2.npy,50x25,float32,5128,063a410c0d10478fdc4ac65c9459da789f541f3fddf483077bc80e86dd932762
-wny0OAz3g8_2,vision,outputs/features/visual/-wny0OAz3g8_2.npy,50x20,float32,4128,ab0102ea39db730bcdb4cb7622d755926b139e6311df7f84b219c0b3c6ba39cf
-wny0OAz3g8_2,text,outputs/features/text/-wny0OAz3g8_2.npy,50x768,float32,153728,a50a37eed0b2c7f2a78c03e8046aa9a05f54ecd5e3a9e5ac8d22f0e86053b5e8
-wny0OAz3g8_3,audio,outputs/features/audio/-wny0OAz3g8_3.npy,50x25,float32,5128,333ebcc031572878a2c91f7624aed86111e4d710eaa090b72672fc2c3bcd659e
-wny0OAz3g8_3,vision,outputs/features/visual/-wny0OAz3g8_3.npy,50x20,float32,4128,14430902b045cd98adf88e370c5a7a5f26850f9f337f609d5db16d3654ded73c
-wny0OAz3g8_3,text,outputs/features/text/-wny0OAz3g8_3.npy,50x768,float32,153728,20b45eb0daaf2cf605c76910af78111b8f061a591f7650e73ffd1ae7472b1230
-wny0OAz3g8_5,audio,outputs/features/audio/-wny0OAz3g8_5.npy,50x25,float32,5128,74511e0a140ab41e3ea0002274ea50730f657e2663544f6a585fceb0142ea093
-wny0OAz3g8_5,vision,outputs/features/visual/-wny0OAz3g8_5.npy,50x20,float32,4128,b212027debfae37f1cf664c9b74b757fac183b64af68074f0c28728e189d7fe3
-wny0OAz3g8_5,text,outputs/features/text/-wny0OAz3g8_5.npy,50x768,float32,153728,6c93349e259b7e5446e4743b2eebf8d9b70d588852617c40057000444c036000
-wny0OAz3g8_7,audio,outputs/features/audio/-wny0OAz3g8_7.npy,50x25,float32,5128,c49876b774dbee68673f66c53adc391318763ef629538a8231e54e5396f2adb5
-wny0OAz3g8_7,vision,outputs/features/visual/-wny0OAz3g8_7.npy,50x20,float32,4128,98a05f7c178f1b8708545da25a344117236d481e162946fce0c5002c795ac8ac
-wny0OAz3g8_7,text,outputs/features/text/-wny0OAz3g8_7.npy,50x768,float32,153728,7c498bccc677f0d1bafa65319e5be74c45e6391add4d8e291c315227a23c980d
-wny0OAz3g8_9,audio,outputs/features/audio/-wny0OAz3g8_9.npy,50x25,float32,5128,08a5f601e332566f3b7cf6605ab29a0eb3826604a0906f7432e834409ade6a6d
-wny0OAz3g8_9,vision,outputs/features/visual/-wny0OAz3g8_9.npy,50x20,float32,4128,66dd32687893d2c1acc2ad85e0dd68155c099a0612eddbbc7e28001e0bb84b3f
-wny0OAz3g8_9,text,outputs/features/text/-wny0OAz3g8_9.npy,50x768,float32,153728,cc9f3efba5533d001a7d473ba09a6e291cd6ee3f59d61be8003527372ba9f6db
-yRb-Jum7EQ_1,audio,outputs/features/audio/-yRb-Jum7EQ_1.npy,50x25,float32,5128,f82de8963aade4bfdbe1eebccf8f123df6d60f00a16f28ac6dc6deeb4e8b47d4
-yRb-Jum7EQ_1,vision,outputs/features/visual/-yRb-Jum7EQ_1.npy,50x20,float32,4128,55784050ee9989524f55bc8e96a11cf2834f1863dfbf3135098a6b374a86450b
-yRb-Jum7EQ_1,text,outputs/features/text/-yRb-Jum7EQ_1.npy,50x768,float32,153728,e39745e63de04c4f6b92dab6ceafc00c3669e4965c3dcdf8e87deae4665f5335
-yRb-Jum7EQ_5,audio,outputs/features/audio/-yRb-Jum7EQ_5.npy,50x25,float32,5128,3bae06857f7698d2c450a80c4481b32ef18c5f2712d3533e3692d0028edb7fb2
-yRb-Jum7EQ_5,vision,outputs/features/visual/-yRb-Jum7EQ_5.npy,50x20,float32,4128,2d3b053d3e3b99986620307817cba0c483e4e49e64f70d22bce63a47d11200bf
-yRb-Jum7EQ_5,text,outputs/features/text/-yRb-Jum7EQ_5.npy,50x768,float32,153728,8bc8f770f60ac4b3001f71a6269ca5188d78e18c2c07a5598286c203cf14afbc
-yRb-Jum7EQ_6,audio,outputs/features/audio/-yRb-Jum7EQ_6.npy,50x25,float32,5128,b60e8cc1afcfa85ef74411240404c4c8d06573cd22f4e23ad92757923d1e33a0
-yRb-Jum7EQ_6,vision,outputs/features/visual/-yRb-Jum7EQ_6.npy,50x20,float32,4128,e4b6584a5c2d84a8ea7d9e153ddf20bb839b6e7af55b6951df7937eb144f4577
-yRb-Jum7EQ_6,text,outputs/features/text/-yRb-Jum7EQ_6.npy,50x768,float32,153728,ac80b4b79a5272b648a147d181b41d247f4708bd24d98b48fbfa98ca5acff4f6
