sample_id,predicted_polarity,predicted_intensity,prob_negative,prob_neutral,prob_positive,main_reference_modality,main_reference_basis,text_gate,text_delta_logit,text_delta_probability,text_abs_effect_share,text_observed,audio_gate,audio_delta_logit,audio_delta_probability,audio_abs_effect_share,audio_observed,vision_gate,vision_delta_logit,vision_delta_probability,vision_abs_effect_share,vision_observed,raw_text,main_evidence_aligned_positions,main_evidence_text,main_evidence_start_seconds,main_evidence_end_seconds,main_evidence_video_frame,main_evidence_mapping_status,main_local_joint_delta_logit
01,Neutral,0.0,0.136908,0.474434,0.388658,text,largest_positive_logit_drop,0.710871,0.248125,0.056409,0.757659,True,0.103274,0.045801,0.01333,0.139855,True,0.185855,-0.033563,0.017798,0.102485,True,Replacing these wear components when replacing the timing belt is essential to ensuring the new belt performs to its mileage requirements,"[21, 22]",age requirements,,,,exact_tokenizer_offset,0.08019793033599854
02,Neutral,0.0,0.147826,0.433194,0.41898,vision,largest_positive_logit_drop,0.767698,0.069648,0.021525,0.179776,True,0.12089,-0.013616,0.039136,0.035146,True,0.111412,0.304152,0.152387,0.785078,True,We want to live by each other’s happiness - not by each other’s misery.,"[15, 16, 17]",,3.2,3.267,97,exact_feature_match_nominal_rate,0.003997981548309326
03,Neutral,0.0,0.266932,0.468742,0.264326,text,largest_positive_logit_drop,0.559851,0.577482,0.17902,0.944096,True,0.146331,0.028952,0.010254,0.047333,True,0.293817,-0.005243,-0.01237,0.008572,True,"There's one lender at the moment which I think is just Bankwest who don't take rental income into account, they take rental yield into account.","[15, 16, 17]",Bankwest who,,,,exact_tokenizer_offset,0.19559115171432495
04,Positive,0.819852,0.254949,0.260315,0.484736,vision,largest_positive_logit_drop,0.625731,-0.243373,-0.123676,0.248157,True,0.143282,0.360487,0.149363,0.367574,True,0.230986,0.37686,0.1259,0.384269,True,"If I blow it at the team exercise, should I kiss my chances of cheering ""GO BLUE"" goodbye?] Absolutely not.","[11, 12, 13]",,6.133,6.333,187,exact_feature_match_nominal_rate,0.027496397495269775
05,Positive,0.997768,0.048189,0.198167,0.753644,text,largest_positive_logit_drop,0.646156,1.083404,0.341412,0.736962,True,0.15103,-0.141198,-0.024632,0.096047,True,0.202814,0.245494,0.085759,0.166992,True,"Hi, my name is Chloe, video marketer for Red Wagon Marketing.","[14, 15]",Marketing.,,,,exact_tokenizer_offset,0.17629849910736084
06,Positive,0.901146,0.081863,0.374186,0.543951,text,largest_positive_logit_drop,0.758003,1.077735,0.34156,0.676993,True,0.129867,0.036921,0.029387,0.023193,True,0.11213,-0.477288,-0.185165,0.299814,True,"If you're a fan of dancing in that sense, just like to watch people dance, see impressive dance moves then you might want to check out this movie solely for that","[21, 22, 23]",impressive dance moves,,,,exact_tokenizer_offset,0.5042834281921387
07,Positive,0.899578,0.029531,0.152182,0.818287,text,largest_positive_logit_drop,0.739859,1.444141,0.39703,0.975264,True,0.129638,0.03453,0.029702,0.023319,True,0.130503,0.002097,-0.006755,0.001416,True,"As Linn’s associate editor Michael Baadke reports in our November 28 issue, attendees “enthusiastically discussed the topics of growing the hobby, the future of stamp shows, and dealers and philatelic partnerships, along with ways the leading organizations involved in the stamp hobby can work together to make it succeed and grow","[26, 27, 28]",growing the hobby,,,,exact_tokenizer_offset,0.14944231510162354
08,Positive,0.970132,0.054463,0.255464,0.690073,text,largest_positive_logit_drop,0.735122,1.653968,0.514737,0.7976,True,0.11956,-0.161142,-0.004,0.077708,True,0.145318,-0.258572,-0.088391,0.124692,True,"That brings us to tonight, the Universal Design Grand Challenge",[2],brings,,,,exact_tokenizer_offset,0.46182966232299805
09,Negative,-1.545575,0.894664,0.06539,0.039946,text,largest_positive_logit_drop,0.702365,2.337475,0.566808,0.967672,True,0.12141,-0.024834,-0.001285,0.010281,True,0.176225,0.053257,0.00136,0.022048,True,"(uhh) I did not like this movie at all, I would not recommend it","[10, 11]",movie at,,,,exact_tokenizer_offset,0.0971217155456543
10,Negative,-1.455268,0.865358,0.089817,0.044826,text,largest_positive_logit_drop,0.707509,2.899715,0.727051,0.878381,True,0.116209,-0.122117,-0.016767,0.036992,True,0.176282,-0.279373,-0.031643,0.084628,True,(umm) And you know I really do like to see fluffy chick flicks sometimes so I'm not against that but this one was pretty terrible,[30],terrible,,,,exact_tokenizer_offset,1.8419643640518188
11,Negative,-1.257882,0.84997,0.109076,0.040954,text,largest_positive_logit_drop,0.861779,1.762476,0.468823,0.898818,True,0.063392,0.114411,0.010129,0.058347,True,0.074829,-0.083996,-0.011431,0.042836,True,I would be ashamed to have made this film if I was a director,"[2, 3, 4]",would be ashamed,,,,exact_tokenizer_offset,2.1792119592428207
12,Negative,-0.934353,0.817042,0.127372,0.055586,text,largest_positive_logit_drop,0.783899,1.646364,0.467415,0.899179,True,0.119155,0.16796,0.023764,0.091733,True,0.096946,0.016639,-0.005218,0.009088,True,"Or worse, an individual previously had good credit, but usually by no fault of their own, or perhaps by fault of their own, they have let their credit sag, and credit scores is very low.","[1, 2]",Or worse,,,,exact_tokenizer_offset,0.8858300447463989
13,Neutral,0.0,0.137762,0.567227,0.295011,text,largest_positive_logit_drop,0.779714,0.779032,0.24557,0.939849,True,0.220286,-0.049859,0.018936,0.060151,True,0.0,0.0,0.0,0.0,False,"For example, I could take a set of data and from that data, I can find a relationship between any two of the given factors or more.","[1, 2, 3]","For example,",,,,exact_tokenizer_offset,0.07993805408477783
14,Positive,0.943348,0.044319,0.206924,0.748757,text,largest_positive_logit_drop,0.6567,0.501725,0.044409,0.569614,True,0.148981,0.055266,0.038016,0.062745,True,0.194319,0.323824,0.178834,0.367641,True,He is the co-founder of Rossen and Vettese Limited and the former Executive Director of Uniform Final Examination (UFE) courses at Toronto's York University.,"[30, 31, 32]",Toronto's,,,,exact_tokenizer_offset,0.08098053932189941
15,Positive,1.094296,0.068444,0.153881,0.777675,text,largest_positive_logit_drop,0.58889,0.660439,0.190428,0.944589,True,0.179634,-0.009742,0.05188,0.013934,True,0.231476,-0.029,-0.005888,0.041477,True,"However, despite their poverty, the family prioritize education because they believed in its power to transform lives","[8, 9]",family prior,,,,exact_tokenizer_offset,0.4801762104034424
16,Negative,-1.741251,0.897151,0.073157,0.029692,text,largest_positive_logit_drop,0.758434,2.773558,0.692682,0.976524,True,0.133551,-0.033832,-0.000826,0.011912,True,0.108015,0.032845,0.001878,0.011564,True,"It's a terrible, this is a terrible movie","[10, 11]",terrible movie,,,,exact_tokenizer_offset,0.07638335227966309
17,Positive,1.176072,0.026559,0.111178,0.862262,text,largest_positive_logit_drop,0.693775,1.570714,0.439924,0.976669,True,0.16312,0.002091,0.007235,0.0013,True,0.143104,-0.035432,-0.012916,0.022031,True,"Applying these four design concepts to your presentations is simple, easy and will make people think you turned into a design guru.","[16, 17]",people think,,,,exact_tokenizer_offset,0.06346404552459717
18,Neutral,0.0,0.401495,0.414488,0.184017,text,largest_positive_logit_drop,0.554708,0.497398,0.105723,0.885784,True,0.180895,-0.063246,-0.012478,0.112631,True,0.264398,-0.00089,-0.060729,0.001585,True,"-And in Denmark - the first Baltic Cod fishery has been MSC – certified -Meanwhile, the Faeroese Mackerel Fishery has been denied MSC certification based on the fact that the fishery has failed to reach an agreement on mackerel quotas with Norway and the European Union.","[5, 6, 7]",- the first,,,,exact_tokenizer_offset,0.09250783920288086
19,Negative,-0.120084,0.577846,0.1323,0.289855,text,largest_positive_logit_drop,0.760978,1.221729,0.36782,0.762948,True,0.107327,-0.144206,-0.034249,0.090054,True,0.131695,-0.235393,-0.092869,0.146999,True,"People are surprisingly forgiving brands when they own up to mistakes, and unfortunately some haters out there love to point fingers and jump all over imperfections, but for the most part, people understand","[2, 3, 4]",are surprisingly for,,,,exact_tokenizer_offset,1.4555871486663818
20,Positive,1.212933,0.053753,0.115095,0.831152,text,largest_positive_logit_drop,0.596351,1.030276,0.342817,0.825071,True,0.201902,-0.084413,-0.011682,0.0676,True,0.201747,0.134023,0.053191,0.107329,True,"And of course, click in the link of the description of this video for more, and we'll have more live updates and a stock market video (wrap-up) at the end of the day today.","[24, 25]",live updates,,,,exact_tokenizer_offset,0.3581583499908447
