sample_id,video_id,clip_id,text_length_chars,valid_tokens,feature_file,status
-3g5yACwYnA_13,-3g5yACwYnA,13,80,20,outputs/features/text/-3g5yACwYnA_13.npy,existing
-3g5yACwYnA_3,-3g5yACwYnA,3,173,42,outputs/features/text/-3g5yACwYnA_3.npy,existing
-3g5yACwYnA_2,-3g5yACwYnA,2,85,19,outputs/features/text/-3g5yACwYnA_2.npy,existing
-3g5yACwYnA_9,-3g5yACwYnA,9,139,30,outputs/features/text/-3g5yACwYnA_9.npy,existing
-3nNcZdcdvU_5,-3nNcZdcdvU,5,104,24,outputs/features/text/-3nNcZdcdvU_5.npy,existing
-HwX2H8Z4hY_2,-HwX2H8Z4hY,2,48,14,outputs/features/text/-HwX2H8Z4hY_2.npy,existing
-HwX2H8Z4hY_5,-HwX2H8Z4hY,5,74,12,outputs/features/text/-HwX2H8Z4hY_5.npy,existing
-HwX2H8Z4hY_6,-HwX2H8Z4hY,6,31,11,outputs/features/text/-HwX2H8Z4hY_6.npy,existing
-HwX2H8Z4hY_9,-HwX2H8Z4hY,9,119,26,outputs/features/text/-HwX2H8Z4hY_9.npy,existing
-NFrJFQijFE_1,-NFrJFQijFE,1,93,18,outputs/features/text/-NFrJFQijFE_1.npy,existing
-NFrJFQijFE_2,-NFrJFQijFE,2,100,20,outputs/features/text/-NFrJFQijFE_2.npy,existing
-THoVjtIkeU_12,-THoVjtIkeU,12,207,44,outputs/features/text/-THoVjtIkeU_12.npy,existing
-THoVjtIkeU_2,-THoVjtIkeU,2,63,13,outputs/features/text/-THoVjtIkeU_2.npy,existing
-THoVjtIkeU_6,-THoVjtIkeU,6,150,34,outputs/features/text/-THoVjtIkeU_6.npy,existing
-UuX1xuaiiE_1,-UuX1xuaiiE,1,148,35,outputs/features/text/-UuX1xuaiiE_1.npy,existing
-UuX1xuaiiE_0,-UuX1xuaiiE,0,55,14,outputs/features/text/-UuX1xuaiiE_0.npy,existing
-UuX1xuaiiE_3,-UuX1xuaiiE,3,42,11,outputs/features/text/-UuX1xuaiiE_3.npy,existing
-UuX1xuaiiE_6,-UuX1xuaiiE,6,125,25,outputs/features/text/-UuX1xuaiiE_6.npy,existing
-a55Q6RWvTA_3,-a55Q6RWvTA,3,339,50,outputs/features/text/-a55Q6RWvTA_3.npy,existing
-aNfi7CP8vM_7,-aNfi7CP8vM,7,120,25,outputs/features/text/-aNfi7CP8vM_7.npy,existing
-aqamKhZ1Ec_0,-aqamKhZ1Ec,0,87,18,outputs/features/text/-aqamKhZ1Ec_0.npy,existing
-dxfTGcXJoc_1,-dxfTGcXJoc,1,231,44,outputs/features/text/-dxfTGcXJoc_1.npy,existing
-dxfTGcXJoc_0,-dxfTGcXJoc,0,265,50,outputs/features/text/-dxfTGcXJoc_0.npy,existing
-dxfTGcXJoc_2,-dxfTGcXJoc,2,231,42,outputs/features/text/-dxfTGcXJoc_2.npy,existing
-dxfTGcXJoc_6,-dxfTGcXJoc,6,188,34,outputs/features/text/-dxfTGcXJoc_6.npy,existing
-egA8-b7-3M_26,-egA8-b7-3M,26,82,21,outputs/features/text/-egA8-b7-3M_26.npy,existing
-egA8-b7-3M_17,-egA8-b7-3M,17,89,21,outputs/features/text/-egA8-b7-3M_17.npy,existing
-egA8-b7-3M_18,-egA8-b7-3M,18,125,29,outputs/features/text/-egA8-b7-3M_18.npy,existing
-egA8-b7-3M_16,-egA8-b7-3M,16,77,15,outputs/features/text/-egA8-b7-3M_16.npy,existing
-egA8-b7-3M_13,-egA8-b7-3M,13,65,18,outputs/features/text/-egA8-b7-3M_13.npy,existing
-egA8-b7-3M_1,-egA8-b7-3M,1,123,24,outputs/features/text/-egA8-b7-3M_1.npy,existing
-egA8-b7-3M_6,-egA8-b7-3M,6,80,15,outputs/features/text/-egA8-b7-3M_6.npy,existing
-egA8-b7-3M_9,-egA8-b7-3M,9,69,14,outputs/features/text/-egA8-b7-3M_9.npy,existing
-egA8-b7-3M_20,-egA8-b7-3M,20,98,26,outputs/features/text/-egA8-b7-3M_20.npy,existing
-iRBcNs9oI8_3,-iRBcNs9oI8,3,36,11,outputs/features/text/-iRBcNs9oI8_3.npy,existing
-iRBcNs9oI8_7,-iRBcNs9oI8,7,50,17,outputs/features/text/-iRBcNs9oI8_7.npy,existing
-iRBcNs9oI8_6,-iRBcNs9oI8,6,20,7,outputs/features/text/-iRBcNs9oI8_6.npy,existing
-iRBcNs9oI8_9,-iRBcNs9oI8,9,28,7,outputs/features/text/-iRBcNs9oI8_9.npy,existing
-iRBcNs9oI8_8,-iRBcNs9oI8,8,96,28,outputs/features/text/-iRBcNs9oI8_8.npy,existing
-lzEya4AM_4_5,-lzEya4AM_4,5,104,23,outputs/features/text/-lzEya4AM_4_5.npy,existing
-lzEya4AM_4_6,-lzEya4AM_4,6,228,50,outputs/features/text/-lzEya4AM_4_6.npy,existing
-mJ2ud6oKI8_1,-mJ2ud6oKI8,1,60,15,outputs/features/text/-mJ2ud6oKI8_1.npy,existing
-mJ2ud6oKI8_2,-mJ2ud6oKI8,2,86,19,outputs/features/text/-mJ2ud6oKI8_2.npy,existing
-mJ2ud6oKI8_6,-mJ2ud6oKI8,6,22,7,outputs/features/text/-mJ2ud6oKI8_6.npy,existing
-mJ2ud6oKI8_9,-mJ2ud6oKI8,9,112,31,outputs/features/text/-mJ2ud6oKI8_9.npy,existing
-mJ2ud6oKI8_8,-mJ2ud6oKI8,8,65,13,outputs/features/text/-mJ2ud6oKI8_8.npy,existing
-mqbVkbCndg_0,-mqbVkbCndg,0,71,19,outputs/features/text/-mqbVkbCndg_0.npy,existing
-t217m2on-s_2,-t217m2on-s,2,60,18,outputs/features/text/-t217m2on-s_2.npy,existing
-t217m2on-s_7,-t217m2on-s,7,245,50,outputs/features/text/-t217m2on-s_7.npy,existing
-tANM6ETl_M_3,-tANM6ETl_M,3,115,31,outputs/features/text/-tANM6ETl_M_3.npy,existing
-tPCytz4rww_11,-tPCytz4rww,11,95,22,outputs/features/text/-tPCytz4rww_11.npy,existing
-tPCytz4rww_10,-tPCytz4rww,10,65,17,outputs/features/text/-tPCytz4rww_10.npy,existing
-tPCytz4rww_12,-tPCytz4rww,12,159,30,outputs/features/text/-tPCytz4rww_12.npy,existing
-tPCytz4rww_16,-tPCytz4rww,16,74,19,outputs/features/text/-tPCytz4rww_16.npy,existing
-tPCytz4rww_18,-tPCytz4rww,18,86,24,outputs/features/text/-tPCytz4rww_18.npy,existing
-vxjVxOeScU_4,-vxjVxOeScU,4,123,29,outputs/features/text/-vxjVxOeScU_4.npy,existing
-wMB_hJL-3o_7,-wMB_hJL-3o,7,107,25,outputs/features/text/-wMB_hJL-3o_7.npy,existing
-wny0OAz3g8_1,-wny0OAz3g8,1,141,30,outputs/features/text/-wny0OAz3g8_1.npy,existing
-wny0OAz3g8_0,-wny0OAz3g8,0,53,13,outputs/features/text/-wny0OAz3g8_0.npy,existing
-wny0OAz3g8_3,-wny0OAz3g8,3,117,22,outputs/features/text/-wny0OAz3g8_3.npy,existing
-wny0OAz3g8_2,-wny0OAz3g8,2,137,30,outputs/features/text/-wny0OAz3g8_2.npy,existing
-wny0OAz3g8_5,-wny0OAz3g8,5,125,29,outputs/features/text/-wny0OAz3g8_5.npy,existing
-wny0OAz3g8_7,-wny0OAz3g8,7,157,33,outputs/features/text/-wny0OAz3g8_7.npy,existing
-wny0OAz3g8_9,-wny0OAz3g8,9,118,24,outputs/features/text/-wny0OAz3g8_9.npy,existing
-571d8cVauQ_0,-571d8cVauQ,0,72,18,outputs/features/text/-571d8cVauQ_0.npy,existing
-571d8cVauQ_5,-571d8cVauQ,5,229,50,outputs/features/text/-571d8cVauQ_5.npy,existing
-I_e4mIh0yE_1,-I_e4mIh0yE,1,98,23,outputs/features/text/-I_e4mIh0yE_1.npy,existing
-I_e4mIh0yE_3,-I_e4mIh0yE,3,132,32,outputs/features/text/-I_e4mIh0yE_3.npy,existing
-UacrmKiTn4_10,-UacrmKiTn4,10,95,24,outputs/features/text/-UacrmKiTn4_10.npy,existing
-UacrmKiTn4_4,-UacrmKiTn4,4,72,17,outputs/features/text/-UacrmKiTn4_4.npy,existing
-hnBHBN8p5A_7,-hnBHBN8p5A,7,78,19,outputs/features/text/-hnBHBN8p5A_7.npy,existing
-hnBHBN8p5A_6,-hnBHBN8p5A,6,84,16,outputs/features/text/-hnBHBN8p5A_6.npy,existing
-qDkUB0GgYY_6,-qDkUB0GgYY,6,75,20,outputs/features/text/-qDkUB0GgYY_6.npy,existing
-uywlfIYOS8_4,-uywlfIYOS8,4,93,24,outputs/features/text/-uywlfIYOS8_4.npy,existing
-6rXp3zJ3kc_8,-6rXp3zJ3kc,8,170,40,outputs/features/text/-6rXp3zJ3kc_8.npy,existing
-9y-fZ3swSY_0,-9y-fZ3swSY,0,102,30,outputs/features/text/-9y-fZ3swSY_0.npy,existing
-9y-fZ3swSY_4,-9y-fZ3swSY,4,33,13,outputs/features/text/-9y-fZ3swSY_4.npy,existing
-9y-fZ3swSY_8,-9y-fZ3swSY,8,55,16,outputs/features/text/-9y-fZ3swSY_8.npy,existing
-AUZQgSxyPQ_2,-AUZQgSxyPQ,2,262,50,outputs/features/text/-AUZQgSxyPQ_2.npy,existing
-HeZS2-Prhc_2,-HeZS2-Prhc,2,77,19,outputs/features/text/-HeZS2-Prhc_2.npy,existing
-MeTTeMJBNc_0,-MeTTeMJBNc,0,117,28,outputs/features/text/-MeTTeMJBNc_0.npy,existing
-MeTTeMJBNc_13,-MeTTeMJBNc,13,70,18,outputs/features/text/-MeTTeMJBNc_13.npy,existing
-MeTTeMJBNc_7,-MeTTeMJBNc,7,160,35,outputs/features/text/-MeTTeMJBNc_7.npy,existing
-RfYyzHpjk4_11,-RfYyzHpjk4,11,89,21,outputs/features/text/-RfYyzHpjk4_11.npy,existing
-RfYyzHpjk4_8,-RfYyzHpjk4,8,81,23,outputs/features/text/-RfYyzHpjk4_8.npy,existing
-RfYyzHpjk4_2,-RfYyzHpjk4,2,119,31,outputs/features/text/-RfYyzHpjk4_2.npy,existing
-UUCSKoHeMA_0,-UUCSKoHeMA,0,93,25,outputs/features/text/-UUCSKoHeMA_0.npy,existing
-ri04Z7vwnc_0,-ri04Z7vwnc,0,43,10,outputs/features/text/-ri04Z7vwnc_0.npy,existing
-ri04Z7vwnc_2,-ri04Z7vwnc,2,99,28,outputs/features/text/-ri04Z7vwnc_2.npy,existing
-ri04Z7vwnc_5,-ri04Z7vwnc,5,47,13,outputs/features/text/-ri04Z7vwnc_5.npy,existing
-s9qJ7ATP7w_1,-s9qJ7ATP7w,1,50,14,outputs/features/text/-s9qJ7ATP7w_1.npy,existing
-s9qJ7ATP7w_0,-s9qJ7ATP7w,0,112,30,outputs/features/text/-s9qJ7ATP7w_0.npy,existing
-s9qJ7ATP7w_5,-s9qJ7ATP7w,5,88,22,outputs/features/text/-s9qJ7ATP7w_5.npy,existing
-s9qJ7ATP7w_4,-s9qJ7ATP7w,4,52,12,outputs/features/text/-s9qJ7ATP7w_4.npy,existing
-s9qJ7ATP7w_7,-s9qJ7ATP7w,7,136,40,outputs/features/text/-s9qJ7ATP7w_7.npy,existing
-s9qJ7ATP7w_6,-s9qJ7ATP7w,6,21,7,outputs/features/text/-s9qJ7ATP7w_6.npy,existing
-s9qJ7ATP7w_8,-s9qJ7ATP7w,8,60,19,outputs/features/text/-s9qJ7ATP7w_8.npy,existing
-yRb-Jum7EQ_1,-yRb-Jum7EQ,1,326,50,outputs/features/text/-yRb-Jum7EQ_1.npy,existing
-yRb-Jum7EQ_5,-yRb-Jum7EQ,5,156,33,outputs/features/text/-yRb-Jum7EQ_5.npy,existing
-yRb-Jum7EQ_6,-yRb-Jum7EQ,6,116,26,outputs/features/text/-yRb-Jum7EQ_6.npy,existing
