group,seed,epochs,dev_n,accuracy,macro_f1,raw_mae,raw_pearson,missing_macro_f1,seconds
ce_only,20267001,10,391,0.5933503836317136,0.5609042849235398,,,0.5531798512628151,22.70308229999864
ce_only,20267002,10,391,0.6265984654731458,0.6075376209000424,,,0.5871926060451126,22.41262740000093
ce_only,20267003,10,391,0.639386189258312,0.6098064986372324,,,0.5782531270793042,22.358702800000174
experts,20267001,10,391,0.6368286445012787,0.6070101629738341,0.6166572570800781,0.6570855975151062,0.5904392807130039,24.06445089999761
experts,20267002,10,391,0.6214833759590793,0.5968997375617434,0.6204031705856323,0.6799691915512085,0.5759598223317547,23.88830980000057
experts,20267003,10,391,0.629156010230179,0.6024465730348084,0.6336655020713806,0.6303715109825134,0.5849718470574995,29.63816719999886
frozen,20267001,10,391,0.6240409207161125,0.5985762066955108,0.6199923753738403,0.6283364295959473,0.5807837952178051,17.966487000001507
frozen,20267002,10,391,0.6086956521739131,0.5855346241975826,0.625929594039917,0.6522908806800842,0.5758252943826284,18.337054599996918
frozen,20267003,10,391,0.6214833759590793,0.5881216478142535,0.6353815197944641,0.6225078701972961,0.5860255071949224,17.673315800002456
full,20267001,10,391,0.6342710997442456,0.6043658512624029,0.612525224685669,0.6547756791114807,0.5871499343957863,56.2695664999992
full,20267002,10,391,0.5933503836317136,0.5754470646127845,0.6282331943511963,0.6605932712554932,0.566891247953717,49.84789540000202
full,20267003,10,391,0.6445012787723785,0.6164338072013266,0.6092032194137573,0.6584041118621826,0.590281859716188,41.971896600000036
input_A,20267001,10,391,0.4219948849104859,0.37321256799644614,0.8355583548545837,0.07904144376516342,0.3714201671563735,25.723421700000472
input_A,20267002,10,391,0.46035805626598464,0.4037568669147617,0.8394603729248047,0.08762570470571518,0.39765368234720544,14.097178899999562
input_A,20267003,10,391,0.40664961636828645,0.3747647851254099,0.8611743450164795,0.0517958402633667,0.37853917381236,15.394101499998214
input_AV,20267001,10,391,0.45268542199488493,0.4164018033226922,0.836492121219635,0.18146714568138123,0.41419096166578956,25.89214770000035
input_AV,20267002,10,391,0.4578005115089514,0.3958435254731551,0.8407602310180664,0.15873603522777557,0.3998894509667532,25.528964900000574
input_AV,20267003,10,391,0.42710997442455245,0.3768698542179861,0.8591517210006714,0.13033023476600647,0.38269684723476455,19.655989200000477
input_T,20267001,10,391,0.6163682864450127,0.579097120406816,0.6147280931472778,0.6513419151306152,0.5728560734968201,43.027192300000024
input_T,20267002,10,391,0.6265984654731458,0.605498069960764,0.6210249066352844,0.6799540519714355,0.5846110607488167,45.5220530000006
input_T,20267003,10,391,0.6342710997442456,0.6058372189086679,0.6051661372184753,0.6770871877670288,0.5960724201843507,47.31459709999763
input_TA,20267001,10,391,0.6112531969309463,0.5803994095936208,0.6249522566795349,0.6365154981613159,0.580951665490416,22.37468959999751
input_TA,20267002,10,391,0.5907928388746803,0.5701488511243532,0.6316904425621033,0.6697092056274414,0.5637227749980503,27.980862600001274
input_TA,20267003,10,391,0.6419437340153452,0.6112566015927422,0.6133942008018494,0.6582469940185547,0.5965969680160726,43.64997239999866
input_TV,20267001,10,391,0.6368286445012787,0.6053946153654216,0.5948910713195801,0.6669296622276306,0.5899525306311499,46.43930259999979
input_TV,20267002,10,391,0.6061381074168798,0.5816873918445427,0.6084615588188171,0.6777581572532654,0.5739144257693151,44.621359000000666
input_TV,20267003,10,391,0.6470588235294118,0.6231457639532622,0.6181234121322632,0.6619091629981995,0.6057454409408058,40.9782426999991
input_V,20267001,10,391,0.4731457800511509,0.43082957675376043,0.7887811064720154,0.2019730806350708,0.4250482744095714,12.544663100001344
input_V,20267002,10,391,0.4475703324808184,0.358115934990935,0.8130707740783691,0.1695219725370407,0.36207542639543505,11.49130900000091
input_V,20267003,10,391,0.4194373401534527,0.3499157531415596,0.8060910105705261,0.23977184295654297,0.36062990924982596,11.826404700001149
interaction,20267001,10,391,0.6240409207161125,0.5949484534765316,0.6114891171455383,0.6511285305023193,0.5795609470676685,28.766103199999634
interaction,20267002,10,391,0.5959079283887468,0.575643407328838,0.6513184309005737,0.6411688923835754,0.5601753525586735,27.921860400001606
interaction,20267003,10,391,0.6521739130434783,0.627393215074208,0.6156823635101318,0.6511203050613403,0.5973007030919911,29.01718400000027
length_0.1,20267001,10,391,0.6240409207161125,0.5917584064578068,0.6244218945503235,0.6548796892166138,0.5789097698822125,23.339055700002064
length_0.1,20267002,10,391,0.59846547314578,0.5807131707514849,0.6128661632537842,0.6627950072288513,0.5651639459410073,22.911260899996705
length_0.1,20267003,10,391,0.6214833759590793,0.5985412823559328,0.6137775182723999,0.6502772569656372,0.5824683929687459,23.31594600000244
length_0.3,20267001,10,391,0.6163682864450127,0.5842842842842842,0.6090753674507141,0.6620079874992371,0.5770618262977404,23.862322699998913
length_0.3,20267002,10,391,0.6086956521739131,0.5926771535060306,0.6267727613449097,0.6644870042800903,0.5828589163867995,22.676206900003308
length_0.3,20267003,10,391,0.629156010230179,0.6036624602832543,0.6126407384872437,0.6479830145835876,0.5878091709052975,23.854543399997056
length_0.5,20267001,10,391,0.6265984654731458,0.5993272012886145,0.6032056212425232,0.6602504253387451,0.5769418830483851,23.521078300000227
length_0.5,20267002,10,391,0.6061381074168798,0.585212427076525,0.6277629137039185,0.6642032265663147,0.5700002886178884,31.755639499999234
length_0.5,20267003,10,391,0.618925831202046,0.5875267511631148,0.6220152974128723,0.6460084319114685,0.5776004169995336,37.80689809999967
mean_fusion,20267001,10,391,0.6265984654731458,0.5964490806596069,0.6144959926605225,0.6517370939254761,0.5794458474933223,22.289785199998732
mean_fusion,20267002,10,391,0.6010230179028133,0.5850604769329039,0.6313925981521606,0.657536506652832,0.5753355674153662,23.27912500000093
mean_fusion,20267003,10,391,0.639386189258312,0.6131573187192698,0.6176707148551941,0.6522740125656128,0.5924861328975363,23.24556140000277
mean_pool,20267001,10,391,0.6061381074168798,0.5783074262362532,0.6247528195381165,0.6432741284370422,0.5730562504114799,22.56641149999996
mean_pool,20267002,10,391,0.6061381074168798,0.5888527015833956,0.6288920640945435,0.6608715653419495,0.5789050044988557,22.383854300001985
mean_pool,20267003,10,391,0.6342710997442456,0.5990793734003185,0.6179473400115967,0.6563820838928223,0.5863175202089832,23.26983509999991
no_mask,20267001,10,391,0.6317135549872123,0.5990705847482746,0.6136979460716248,0.6552470922470093,0.5740912494286375,22.65400790000058
no_mask,20267002,10,391,0.59846547314578,0.5790462859484361,0.6335870027542114,0.6633399128913879,0.5692477501247709,22.489388599999074
no_mask,20267003,10,391,0.6470588235294118,0.6215633490034963,0.6078699827194214,0.6581547260284424,0.5948536864271575,22.885565399999905
prob_0,20267001,10,391,0.6138107416879796,0.5842402402402401,0.6139650344848633,0.6518083810806274,0.5719533864156827,58.27475169999889
prob_0,20267002,10,391,0.6035805626598465,0.5853203270877599,0.6207605600357056,0.6669461131095886,0.5696859312032739,46.4034825000017
prob_0,20267003,10,391,0.6112531969309463,0.5891426033671788,0.6121713519096375,0.6568542122840881,0.5774763687447596,45.710246700000425
prob_0.1,20267001,10,391,0.6317135549872123,0.6021977664848995,0.6087561249732971,0.6554132103919983,0.5825095563096566,46.11438179999823
prob_0.1,20267002,10,391,0.6010230179028133,0.5837001467253567,0.6268405318260193,0.6634714007377625,0.5767063149562534,40.10309210000196
prob_0.1,20267003,10,391,0.6368286445012787,0.6130429742751197,0.609402596950531,0.6591895222663879,0.5887796843721687,34.63159040000028
prob_0.5,20267001,10,391,0.6368286445012787,0.6069757386835151,0.6081874966621399,0.6533324718475342,0.589190398083652,33.12184890000208
prob_0.5,20267002,10,391,0.6086956521739131,0.5907034503252037,0.6228010654449463,0.6636548042297363,0.584555436898425,47.234085299998696
prob_0.5,20267003,10,391,0.6419437340153452,0.6110010208370865,0.6088951230049133,0.6588444709777832,0.5980006190912226,22.56462190000093
reg_only,20267001,10,391,,,0.5889447927474976,0.6631607413291931,,22.253087799999776
reg_only,20267002,10,391,,,0.59708172082901,0.6833356022834778,,22.333368800002063
reg_only,20267003,10,391,,,0.624532163143158,0.6467463374137878,,23.10297509999873
unweighted,20267001,10,391,0.6163682864450127,0.5688657394275912,0.6135956645011902,0.6552862524986267,0.5611459533964369,23.363320600001316
unweighted,20267002,10,391,0.6061381074168798,0.5823766731753331,0.6329678893089294,0.6595441699028015,0.5719908281968461,23.37921269999788
unweighted,20267003,10,391,0.649616368286445,0.6132173869015974,0.6079612970352173,0.6555088758468628,0.5912908023956237,22.291175499998644
